,source,name,morgan_fingerprint,predictions,pred_value
10797,reframe,Nafamostat,[0 0 0 ... 0 0 0],1.0,-4.573851110578683
19603,broad,substance-p,[0 1 0 ... 0 0 0],1.0,-3.270026313547074
10749,reframe,Camostat,[0 0 0 ... 0 0 0],1.0,-3.0636723290745285
10877,broad,"[sar9,met(o2)11]-substance-p",[0 1 0 ... 0 0 0],1.0,-2.8788993146823394
4725,drugbank,"Sar9, Met (O2)11-Substance P",[0 1 0 ... 0 0 0],1.0,-2.8788993146823394
10789,reframe,RWJ-58643,[0 1 0 ... 0 0 0],1.0,-2.2315586592384182
10747,reframe,Sepimostat mesilate,[0 0 0 ... 0 0 0],1.0,-2.1199491995863453
2513,drugbank,RWJ-56423,[0 1 0 ... 0 0 0],1.0,-2.0516801529004405
19919,broad,telaprevir,[0 1 1 ... 0 0 0],1.0,-2.013527267694121
19920,broad,telaprevir,[0 1 1 ... 0 0 0],1.0,-2.013527267694121
10791,reframe,Telaprevir,[0 1 1 ... 0 0 0],1.0,-2.013527267694121
4645,drugbank,Telaprevir,[0 1 1 ... 0 0 0],1.0,-2.013527267694121
10815,reframe,atecegatran,[0 1 0 ... 0 0 0],1.0,-1.981752278992658
2928,drugbank,RWJ-51084,[0 1 0 ... 0 0 0],1.0,-1.8878218525377377
17040,broad,nafamostat,[0 0 0 ... 0 0 0],1.0,-1.8665856471864397
17039,broad,nafamostat,[0 0 0 ... 0 0 0],1.0,-1.8665856471864397
8697,drugbank,Nafamostat,[0 0 0 ... 0 0 0],1.0,-1.8665856471864397
17038,broad,nafamostat,[0 0 0 ... 0 0 0],1.0,-1.8665856471864397
20636,broad,vasopressin,[0 1 0 ... 0 0 0],1.0,-1.8457391480259115
16384,broad,lypressin,[0 1 0 ... 0 0 0],1.0,-1.7572091464786035
10762,reframe,SN-429,[0 0 0 ... 0 0 0],1.0,-1.7144010640680003
6,drugbank,Vasopressin,[0 1 0 ... 0 0 0],1.0,-1.6800237465013663
2276,drugbank,"6-[N-(4-Ethyl-1,2,3,4-Tetrahydro-6-Isoquinolinyl)Carbamyl]-2-Naphthalenecarboxamidine",[0 0 0 ... 0 0 0],1.0,-1.6656070086521502
2890,drugbank,Bis(5-Amidino-2-Benzimidazolyl)Methane Ketone,[0 0 0 ... 0 0 0],1.0,-1.620508054194235
7108,drugbank,Boceprevir,[0 1 0 ... 0 0 0],1.0,-1.6083056023929387
12457,broad,boceprevir,[0 1 0 ... 0 0 0],1.0,-1.6083056023929387
12459,broad,boceprevir,[0 1 0 ... 0 0 0],1.0,-1.6083056023929387
10798,reframe,boceprevir,[0 1 0 ... 0 0 0],1.0,-1.6083056023929387
12458,broad,boceprevir,[0 1 0 ... 0 0 0],1.0,-1.6083056023929387
531,drugbank,Gonadorelin,[0 1 0 ... 0 0 0],1.0,-1.5948837677179513
11708,broad,antagonist-g,[0 1 0 ... 0 0 0],1.0,-1.5884320557364902
1649,drugbank,Bis(5-Amidino-2-Benzimidazolyl)Methanone,[0 0 0 ... 0 0 0],1.0,-1.535451021212191
4329,drugbank,2-[2-ETHANESULFONYLAMINO-3-(1H-INDOL-3-YL)-PROPIONYLAMINO]-PENTANEDIOIC ACID 5-AMIDE 1-(4-CARBAMIM IDOYL-BENZYLAMIDE),[0 1 0 ... 0 0 0],1.0,-1.5157788124308127
2028,drugbank,2-(2-hydroxy-phenyl)-3H-benzoimidazole-5-carboxamidine,[0 0 0 ... 0 0 0],1.0,-1.4978476005503691
9408,drugbank,Ornipressin,[0 1 0 ... 0 0 0],1.0,-1.4865897179527972
9,drugbank,Felypressin,[0 1 0 ... 0 0 0],1.0,-1.4690637757662157
3852,drugbank,CRA_23653,[0 0 0 ... 0 0 0],1.0,-1.46777211594529
10549,drugbank,Modimelanotide,[0 1 0 ... 0 0 0],1.0,-1.4479663268132659
15506,broad,icatibant-acetate,[0 1 0 ... 0 0 0],1.0,-1.413407438774167
15504,broad,icatibant-acetate,[0 1 0 ... 0 0 0],1.0,-1.413407438774167
4808,drugbank,Icatibant,[0 1 0 ... 0 0 0],1.0,-1.413407438774167
15505,broad,icatibant-acetate,[0 1 0 ... 0 0 0],1.0,-1.413407438774167
2706,drugbank,CRA_1801,[0 0 0 ... 0 0 0],1.0,-1.3969180565661465
2204,drugbank,"6-[N-(1-Isopropyl-3,4-Dihydro-7-Isoquinolinyl)Carbamyl]-2-Naphthalenecarboxamidine",[0 1 0 ... 0 0 0],1.0,-1.3861579565184508
15136,broad,goserelin-acetate,[0 1 0 ... 0 0 0],1.0,-1.3121821555079423
4631,drugbank,CZEN 002,[0 1 0 ... 0 0 0],1.0,-1.2785823837656491
1821,drugbank,CRA_16847,[0 1 0 ... 0 0 0],1.0,-1.2291647568201385
3206,drugbank,CRA_11092,[0 0 0 ... 0 0 0],1.0,-1.2223924421338432
4998,drugbank,Omiganan,[0 1 0 ... 0 0 0],1.0,-1.1832357199040793
14256,broad,EG00229,[0 1 0 ... 0 0 0],1.0,-1.1580347960510502
14255,broad,EG00229,[0 1 0 ... 0 0 0],1.0,-1.1580347960510502
4337,drugbank,N-[1-(4-CARBAMIMIDOYL-BENZYLCARBAMOYL)-3-METHYLSULFANYL-PROPYL]-3-HYDROXY-2-PROPOXYAMINO-BUTYRAMID,[0 1 0 ... 0 0 0],1.0,-1.1546733254651689
6101,drugbank,"5-(5-CHLORO-2-THIENYL)-N-{(3S)-1-[(1S)-1-METHYL-2-MORPHOLIN-4-YL-2-OXOETHYL]-2-OXOPYRROLIDIN-3-YL}-1H-1,2,4-TRIAZOLE-3-SULFONAMIDE",[0 1 0 ... 0 0 0],1.0,-1.1308751962532042
16337,broad,LY255283,[0 0 0 ... 0 0 0],1.0,-1.1286576459782867
16338,broad,LY255283,[0 0 0 ... 0 0 0],1.0,-1.1286576459782867
10139,drugbank,Lypressin,[0 1 0 ... 0 0 0],1.0,-1.1103262740560789
1674,drugbank,2-(2-Hydroxy-5-Methoxy-Phenyl)-1h-Benzoimidazole-5-Carboxamidine,[0 0 0 ... 0 0 0],1.0,-1.096602338708045
5013,drugbank,Otamixaban,[0 1 0 ... 0 0 0],1.0,-1.0955846945237122
17634,broad,otamixaban,[0 1 0 ... 0 0 0],1.0,-1.0955846945237122
14946,broad,furamidine,[0 0 0 ... 0 0 0],1.0,-1.071968895808145
7825,drugbank,Deslorelin,[0 1 0 ... 0 0 0],1.0,-1.0637235458159524
11548,broad,amikacin,[0 1 0 ... 0 0 0],1.0,-1.0620831013350427
10827,reframe,SZ-042,[0 0 0 ... 0 0 0],1.0,-1.0525344730086834
1510,drugbank,"2-{2-hydroxy-[1,1'-biphenyl]-3-yl}-1H-1,3-benzodiazole-5-carboximidamide",[0 0 0 ... 0 0 0],1.0,-1.0454900967399645
20421,broad,triptorelin,[0 1 0 ... 0 0 0],1.0,-1.0264075780664113
5154,drugbank,Triptorelin,[0 1 0 ... 0 0 0],1.0,-1.0264075780664113
6143,drugbank,5-Chloro-N-{(3S)-1-[(2S)-1-(4-morpholinyl)-1-oxo-2-propanyl]-2-oxo-3-pyrrolidinyl}-1H-indole-2-sulfonamide,[0 1 0 ... 0 0 0],1.0,-1.0140838064058446
8311,drugbank,Bradykinin,[0 1 0 ... 0 0 0],1.0,-1.01233000059447
15135,broad,gonadorelin,[0 1 0 ... 0 0 0],1.0,-1.0029438524792558
16096,broad,leuprolide,[0 1 0 ... 0 0 0],1.0,-1.0008443169080317
1,drugbank,Leuprolide,[0 1 0 ... 0 0 0],1.0,-1.0008443169080317
5529,drugbank,2-(4-HYDROXY-5-PHENYL-1H-PYRAZOL-3-YL)-1H-BENZOIMIDAZOLE-5-CARBOXAMIDINE,[0 0 0 ... 0 0 0],1.0,-0.9994388582567534
13987,broad,diminazene-aceturate,[0 0 0 ... 0 0 0],1.0,-0.969703798250624
13988,broad,diminazene-aceturate,[0 0 0 ... 0 0 0],1.0,-0.969703798250624
3254,drugbank,Diminazene,[0 0 0 ... 0 0 0],1.0,-0.969703798250624
10851,reframe,diminazene,[0 0 0 ... 0 0 0],1.0,-0.969703798250624
13986,broad,diminazene-aceturate,[0 0 0 ... 0 0 0],1.0,-0.969703798250624
10826,reframe,SE-170,[0 0 0 ... 0 0 0],1.0,-0.9685686588409634
6142,drugbank,6-CHLORO-N-{(3S)-1-[(1S)-1-METHYL-2-(4-MORPHOLINYL)-2-OXO ETHYL]-2-OXO-3-PYRROLIDINYL}-2-NAPHTHALENESULFONAMIDE,[0 1 0 ... 0 0 0],1.0,-0.9654695008337514
12133,broad,BCX-1470,[0 0 0 ... 0 0 0],1.0,-0.9403066202771216
10813,reframe,BMS-654457,[0 1 0 ... 0 0 0],1.0,-0.9319295575759181
15443,broad,hydroxystilbamidine,[0 0 0 ... 0 0 0],1.0,-0.9036054283518673
10211,drugbank,Hydroxystilbamidine,[0 0 0 ... 0 0 0],1.0,-0.9036054283518673
3904,drugbank,Bis(5-Amidino-2-Benzimidazolyl)Methane Ketone Hydrate,[0 0 0 ... 0 0 0],1.0,-0.8901088980007094
20088,broad,thiostrepton,[0 1 0 ... 1 1 0],1.0,-0.8774518016158885
20090,broad,thiostrepton,[0 1 0 ... 1 1 0],1.0,-0.8774518016158885
20091,broad,thiostrepton,[0 1 0 ... 1 1 0],1.0,-0.8774518016158885
20089,broad,thiostrepton,[0 1 0 ... 1 1 0],1.0,-0.8774518016158885
3287,drugbank,CRA_1144,[0 0 0 ... 0 0 0],1.0,-0.8566219406568841
2253,drugbank,CRA_10655,[0 0 0 ... 0 0 0],1.0,-0.8512619798347818
4479,drugbank,Afamelanotide,[0 1 0 ... 0 0 0],1.0,-0.8480368779742377
1841,drugbank,CRA_17312,[0 1 0 ... 0 0 0],1.0,-0.8445198137805277
2681,drugbank,CRA_10972,[0 1 0 ... 0 0 0],1.0,-0.8432807892794401
11902,broad,atosiban,[0 1 0 ... 0 0 0],1.0,-0.8397165440712894
11903,broad,atosiban,[0 1 0 ... 0 0 0],1.0,-0.8397165440712894
11901,broad,atosiban,[0 1 0 ... 0 0 0],1.0,-0.8397165440712894
5188,drugbank,6-(2-HYDROXY-CYCLOPENTYL)-7-OXO-HEPTANAMIDINE,[0 1 0 ... 0 0 0],1.0,-0.8270762302486491
10825,reframe,RPR-208566,[0 1 0 ... 0 0 0],1.0,-0.8256152212121343
5688,drugbank,4-(METHYLSULFONYL)BENZENECARBOXIMIDAMIDE,[0 0 0 ... 0 0 0],1.0,-0.8155153890945771
3783,drugbank,"[2,4,6-Triisopropyl-Phenylsulfonyl-L-[3-Amidino-Phenylalanine]]-Piperazine-N'-Beta-Alanine",[0 1 0 ... 0 0 0],1.0,-0.8126252441122778
2766,drugbank,6-[(Z)-Amino(Imino)Methyl]-N-[4-(Aminomethyl)Phenyl]-4-(Pyrimidin-2-Ylamino)-2-Naphthamide,[0 0 0 ... 0 0 0],1.0,-0.8027490289504751
2356,drugbank,Terlipressin,[0 1 0 ... 0 0 0],1.0,-0.8013247557050537
19997,broad,terlipressin,[0 1 0 ... 0 0 0],1.0,-0.8013247557050537
684,drugbank,Colistin,[0 1 0 ... 0 0 0],1.0,-0.7962144188642698
3677,drugbank,8-(Pyrimidin-2-Ylamino)Naphthalene-2-Carboximidamide,[0 0 0 ... 0 0 0],1.0,-0.7924009617694658
11549,broad,amikacin,[0 1 0 ... 0 0 0],1.0,-0.791940639160101
369,drugbank,Amikacin,[0 1 0 ... 0 0 0],1.0,-0.791940639160101
11550,broad,amikacin,[0 1 0 ... 0 0 0],1.0,-0.791940639160101
553,drugbank,Nafarelin,[0 1 0 ... 0 0 0],1.0,-0.7898839324844725
8481,drugbank,GDC-0917,[0 1 1 ... 0 0 0],1.0,-0.7831098312060772
13544,broad,CUDC-427,[0 1 1 ... 0 0 0],1.0,-0.7831098312060772
13545,broad,CUDC-427,[0 1 1 ... 0 0 0],1.0,-0.7831098312060772
13008,broad,cephalosporin-c-zn,[0 1 0 ... 0 0 0],1.0,-0.7788043534865964
8613,drugbank,Selepressin,[0 1 0 ... 0 0 0],1.0,-0.7666410697983497
1549,drugbank,Hemi-Babim,[0 0 0 ... 0 0 0],1.0,-0.7647297041510065
1528,drugbank,N-Alpha-(2-Naphthylsulfonyl)-N(3-Amidino-L-Phenylalaninyl)Isopipecolinic Acid Methyl Ester,[0 1 0 ... 0 0 0],1.0,-0.74472934521839
2103,drugbank,CRA_10762,[0 0 0 ... 0 0 0],1.0,-0.7437402858391895
10848,reframe,Anatibant,[0 0 0 ... 0 0 0],1.0,-0.7206067937917532
4519,drugbank,Anatibant,[0 0 0 ... 0 0 0],1.0,-0.7206067937917532
5125,drugbank,Histrelin,[0 1 0 ... 0 0 0],1.0,-0.7186539477413298
7255,drugbank,Atosiban,[0 1 0 ... 0 0 0],1.0,-0.7045306869619001
12704,broad,camostat-mesilate,[0 0 0 ... 0 0 0],1.0,-0.6946573478236571
12703,broad,camostat-mesilate,[0 0 0 ... 0 0 0],1.0,-0.6946573478236571
9652,drugbank,Camostat,[0 0 0 ... 0 0 0],1.0,-0.6946573478236571
2417,drugbank,"6-[N-(1-Isopropyl-1,2,3,4-Tetrahydro-7-Isoquinolinyl)Carbamyl]-2-Naphthalenecarboxamidine",[0 1 0 ... 0 0 0],1.0,-0.6901439913354566
5046,drugbank,Arbekacin,[0 1 0 ... 0 0 0],1.0,-0.642439490821932
4019,drugbank,ZK-805623,[0 0 0 ... 0 0 0],1.0,-0.6385056152229285
3242,drugbank,CRA_9785,[0 0 0 ... 0 0 0],1.0,-0.6367468401634608
5400,drugbank,6-[(Z)-AMINO(IMINO)METHYL]-N-[3-(CYCLOPENTYLOXY)PHENYL]-2-NAPHTHAMIDE,[0 0 0 ... 0 0 0],1.0,-0.6284713613005396
2307,drugbank,4-(Hydroxymethyl)Benzamidine,[0 0 0 ... 0 0 0],1.0,-0.6224332444662353
1491,drugbank,Bis(5-Amidino-Benzimidazolyl)Methane,[0 0 0 ... 0 0 0],1.0,-0.6156728223015793
5272,drugbank,1-[(2R)-2-aminobutanoyl]-N-(4-carbamimidoylbenzyl)-L-prolinamide,[0 1 0 ... 0 0 0],1.0,-0.609075824487129
12012,broad,AZD5582,[0 1 1 ... 0 0 0],1.0,-0.5967305609464539
1838,drugbank,Bis-Benzamidine,[0 0 0 ... 0 0 0],1.0,-0.5956957025788119
4171,drugbank,3-({1-[3-CARBAMIMIDOYL-1-(4-CARBAMIMIDOYL-BENZYLCARBAMOYL)-PROPYLCARBAMOYL]-2-METHYL-BUTYLSULFAMOYL}-METHYL)-BENZOIC ACID,[0 1 0 ... 0 0 0],1.0,-0.5920862478608333
11386,broad,alarelin,[0 1 0 ... 0 0 0],1.0,-0.5909755067984872
4269,drugbank,TRANS-4-(GUANIDINOMETHYL)-CYCLOHEXANE-L-YL-D-3-CYCLOHEXYLALANYL-L-AZETIDINE-2-YL-D-TYROSINYL-L-HOMOARGININAMIDE,[0 1 1 ... 0 0 0],1.0,-0.5828978170063744
10859,reframe,RPR-128515,[0 1 0 ... 0 0 0],1.0,-0.5648220162558928
4012,drugbank,RPR128515,[0 1 0 ... 0 0 0],1.0,-0.5648220162558928
15702,broad,isepamicin,[0 1 0 ... 0 0 0],1.0,-0.556544888448842
15701,broad,isepamicin,[0 1 0 ... 0 0 0],1.0,-0.556544888448842
9475,drugbank,Isepamicin,[0 1 0 ... 0 0 0],1.0,-0.556544888448842
8709,drugbank,Plazomicin,[0 1 0 ... 0 0 0],1.0,-0.5555311024260953
3008,drugbank,1-(2-Amidinophenyl)-3-(Phenoxyphenyl)Urea,[0 0 0 ... 0 0 0],1.0,-0.5488582401552309
6276,drugbank,+/-METHYL 4-(AMINOIMINOMETHYL)-BETA-[3- INH (AMINOIMINO)PHENYL]BENZENE PENTANOATE,[0 1 0 ... 0 0 0],1.0,-0.5474522792636449
2132,drugbank,6-[N-(4-(Aminomethyl)Phenyl)Carbamyl]-2-Naphthalenecarboxamidine,[0 0 0 ... 0 0 0],1.0,-0.5470474614649683
2,drugbank,Goserelin,[0 1 0 ... 0 0 0],1.0,-0.5389885040599449
8191,drugbank,Letaxaban,[0 1 0 ... 0 0 0],1.0,-0.5370180382747489
4028,drugbank,"Imino[2-(2-oxo-1,2-dihydro-3-pyridinyl)-1H-benzimidazol-5-yl]methanaminium",[0 0 0 ... 0 0 0],1.0,-0.5275146562531015
10764,reframe,melagatran,[0 1 1 ... 0 0 0],1.0,-0.5124059659613263
9546,drugbank,Melagatran,[0 1 1 ... 0 0 0],1.0,-0.5124059659613263
6814,drugbank,"4-[(3AS,4R,7R,8AS,8BR)-2-(1,3-BENZODIOXOL-5-YLMETHYL)-7-HYDROXY-1,3-DIOXODECAHYDROPYRROLO[3,4-A]PYRROLIZIN-4-YL]BENZENECARBOXIMIDAMIDE",[0 0 0 ... 0 0 0],1.0,-0.5022203458238408
12282,broad,betrixaban,[0 0 0 ... 0 0 0],1.0,-0.49386144155132283
10760,reframe,Betrixaban,[0 0 0 ... 0 0 0],1.0,-0.49386144155132283
8502,drugbank,Betrixaban,[0 0 0 ... 0 0 0],1.0,-0.49386144155132283
10820,reframe,DX-9065a,[0 1 0 ... 0 0 0],1.0,-0.47244581586883133
8189,drugbank,Elamipretide,[0 1 0 ... 0 0 0],1.0,-0.4693254661023016
17266,broad,nisin,[0 1 0 ... 0 1 0],1.0,-0.46694805711216836
3136,drugbank,Trans-6-(2-Phenylcyclopropyl)-Naphthalene-2-Carboxamidine,[0 0 0 ... 0 0 0],1.0,-0.4668197864845237
7953,drugbank,Setmelanotide,[0 1 0 ... 0 0 0],1.0,-0.45792031392140475
4464,drugbank,Ximelagatran,[0 1 1 ... 0 0 0],1.0,-0.45186824562553335
18536,broad,pumosetrag,[0 0 0 ... 0 0 0],1.0,-0.45169847444043104
5320,drugbank,D-leucyl-N-(4-carbamimidoylbenzyl)-L-prolinamide,[0 1 0 ... 0 0 0],1.0,-0.44723289542804023
10394,drugbank,ABT-639,[0 0 0 ... 0 0 0],1.0,-0.44544234901974383
11185,broad,ABT-639,[0 0 0 ... 0 0 0],1.0,-0.44544234901974383
2017,drugbank,"[2-Aminomethyl-5-Oxo-4-(4-Oxo-Cyclohexa-2,5-Dienylmethyl)-4,5-Dihydro-Imidazol-1-Yl] -Acetaldehyde",[0 0 0 ... 0 0 0],1.0,-0.4369294791665852
5195,drugbank,1-[2-AMINO-2-CYCLOHEXYL-ACETYL]-PYRROLIDINE-3-CARBOXYLIC ACID 5-CHLORO-2-(2-ETHYLCARBAMOYL-ETHOXY)-BENZYLAMIDE,[0 1 1 ... 0 0 0],1.0,-0.42567385003811836
1740,drugbank,6-(N-Phenylcarbamyl)-2-Naphthalenecarboxamidine,[0 0 0 ... 0 0 0],1.0,-0.4230021178033947
5812,drugbank,"N-(4-{[amino(imino)methyl]amino}butyl)-2,4'-bi-1,3-thiazole-4-carboxamide",[0 0 0 ... 0 0 0],1.0,-0.4208119637809846
7912,drugbank,Bremelanotide,[0 1 0 ... 0 0 0],1.0,-0.4197088131294
12490,broad,bremelanotide,[0 1 0 ... 0 0 0],1.0,-0.4197088131294
17722,broad,oxytocin,[0 1 0 ... 0 0 0],1.0,-0.41508516604087264
17721,broad,oxytocin,[0 1 0 ... 0 0 0],1.0,-0.41508516604087264
407,drugbank,Caspofungin,[0 1 0 ... 0 0 0],1.0,-0.3990444701464273
8305,drugbank,Avoralstat,[0 0 0 ... 0 0 0],1.0,-0.3986924383665803
2572,drugbank,CRA_1802,[0 0 0 ... 0 0 0],1.0,-0.39718574674819085
5455,drugbank,(S)-N-(4-carbamimidoylbenzyl)-1-(3-cyclohexylpropanoyl)pyrrolidine-2-carboxamide,[0 0 1 ... 0 0 0],1.0,-0.385267674826561
5419,drugbank,(S)-N-(4-carbamimidoylbenzyl)-1-(3-cyclopentylpropanoyl)pyrrolidine-2-carboxamide,[0 0 0 ... 0 0 0],1.0,-0.3832007713378228
8444,drugbank,Darexaban,[0 0 0 ... 0 0 0],1.0,-0.37650446574934693
10769,reframe,Darexaban,[0 0 0 ... 0 0 0],1.0,-0.37650446574934693
8930,drugbank,PSI-352938,[0 1 0 ... 0 0 0],1.0,-0.37264723842956626
2348,drugbank,"1-[3,3-Dimethyl-2-(2-Methylamino-Propionylamino)-Butyryl]-Pyrrolidine-2-Carboxylic Acid(1,2,3,4-Tetrahydro-Naphthalen-1-Yl)-Amide",[0 1 0 ... 0 0 0],1.0,-0.37182331590687057
10854,reframe,propamidine,[0 0 0 ... 0 0 0],1.0,-0.3605161705529265
9256,drugbank,Propamidine,[0 0 0 ... 0 0 0],1.0,-0.3605161705529265
6764,drugbank,4-({4-[(6-CHLORO-1-BENZOTHIEN-2-YL)SULFONYL]-2-OXOPIPERAZIN-1-YL}METHYL)BENZENECARBOXIMIDAMIDE,[0 0 0 ... 0 0 0],1.0,-0.35942912463487864
4055,drugbank,CRA_10656,[0 1 0 ... 0 0 0],1.0,-0.3446172535737878
10140,drugbank,Methylprednisolone aceponate,[0 0 0 ... 0 0 0],1.0,-0.33526349713377923
16679,broad,methylprednisolone-aceponate,[0 0 0 ... 0 0 0],1.0,-0.33526349713377923
8371,drugbank,TRV-120027,[0 1 0 ... 0 0 0],1.0,-0.3292371974110825
10550,drugbank,Coblopasvir,[0 1 0 ... 0 0 0],1.0,-0.32531145253659755
2452,drugbank,RPR131247,[0 0 0 ... 0 0 0],1.0,-0.32423110327947324
3116,drugbank,Methyl (2S)-2-[[2-[(3R)-1-carbamimidoylpiperidin-3-yl]acetyl]amino]-3-[4-(2-phenylethynyl)phenyl]propanoate,[0 1 0 ... 0 0 0],1.0,-0.31754941695357675
5398,drugbank,6-CARBAMIMIDOYL-4-(3-HYDROXY-2-METHYL-BENZOYLAMINO)-NAPHTHALENE-2-CARBOXYLIC ACID METHYL ESTER,[0 0 0 ... 0 0 0],1.0,-0.31562250947419834
3629,drugbank,Zinc;[amino-[2-[[5-[amino(azaniumylidene)methyl]benzimidazol-1-id-2-yl]methyl]benzimidazol-1-id-5-yl]methylidene]azanium,[0 0 0 ... 0 0 0],1.0,-0.3072600004061302
4,drugbank,Desmopressin,[0 1 0 ... 0 0 0],1.0,-0.3012063170758775
5104,drugbank,Saralasin,[0 1 0 ... 0 0 0],1.0,-0.29485084556446417
3605,drugbank,Morpholine-4-Carboxylic Acid [1-(2-Benzylsulfanyl-1-Formyl-Ethylcarbamoyl)-2-Phenyl-Ethyl]-Amide,[0 1 0 ... 0 0 0],1.0,-0.2836098953365299
10821,reframe,AZD-8165,[0 1 0 ... 0 0 0],1.0,-0.2798512317608798
10435,drugbank,AZD-8165,[0 1 0 ... 0 0 0],1.0,-0.2798512317608798
10843,reframe,WX-UK1,[0 1 0 ... 0 0 0],1.0,-0.27130025433022464
10790,reframe,WX-UK1,[0 1 0 ... 0 0 0],1.0,-0.27130025433022464
4629,drugbank,WX-UK1,[0 1 0 ... 0 0 0],1.0,-0.27130025433022464
3739,drugbank,N-Alpha-(2-Naphthylsulfonyl)-N(3-Amidino-L-Phenylalaninyl)-4-Acetyl-Piperazine,[0 1 0 ... 0 0 0],1.0,-0.26568631854725355
5127,drugbank,Lanreotide,[0 1 0 ... 0 0 0],1.0,-0.26234004725939164
6170,drugbank,"5-Chloro-thiophene-2-carboxylic acid ((3S,4S)-1-{[2-fluoro-4-(2-oxo-2H-pyridin-1-yl)-phenylcarbamoyl]-methyl}-4-hydroxy-pyrrolidin-3-yl)-amide",[0 0 0 ... 0 0 0],1.0,-0.2594345000895879
10834,reframe,KFA-1829,[0 0 0 ... 0 0 0],1.0,-0.25519264515160367
10838,reframe,DMP-802,[0 1 0 ... 0 0 0],1.0,-0.25461838540450554
10828,reframe,Napsagatran,[0 1 0 ... 0 0 0],1.0,-0.24931613375078998
5874,drugbank,"1-{7-cyclohexyl-6-[4-(4-methylpiperazin-1-yl)benzyl]-7H-pyrrolo[2,3-d]pyrimidin-2-yl}methanamine",[0 0 1 ... 0 1 0],1.0,-0.24678795646113783
7270,drugbank,Edoxaban,[0 0 0 ... 0 0 0],1.0,-0.22008618968781624
6756,drugbank,3-({4-[(6-CHLORO-1-BENZOTHIEN-2-YL)SULFONYL]-2-OXOPIPERAZIN-1-YL}METHYL)BENZENECARBOXIMIDAMIDE,[0 0 0 ... 0 0 0],1.0,-0.21648268690134487
10852,reframe,RPR-132747,[0 0 0 ... 0 0 0],1.0,-0.21648268690134487
7968,drugbank,Encorafenib,[0 1 0 ... 0 0 0],1.0,-0.20543597574640682
5415,drugbank,(S)-N-(4-carbamimidoylbenzyl)-1-(2-(cyclohexyloxy)ethanoyl)pyrrolidine-2-carboxamide,[0 0 1 ... 0 0 0],1.0,-0.20299231497264236
17639,broad,OTS514,[0 1 0 ... 0 0 0],1.0,-0.20192248678508073
6106,drugbank,4-({[4-(3-METHYLBENZOYL)PYRIDIN-2-YL]AMINO}METHYL)BENZENECARBOXIMIDAMIDE,[0 0 0 ... 0 0 0],1.0,-0.20147919339813658
5412,drugbank,(S)-N-(4-carbamimidoylbenzyl)-1-(2-(cyclopentyloxy)ethanoyl)pyrrolidine-2-carboxamide,[0 0 0 ... 0 0 0],1.0,-0.2009254114839042
5821,drugbank,4-(5-BENZENESULFONYLAMINO-1-METHYL-1H-BENZOIMIDAZOL-2-YLMETHYL)-BENZAMIDINE,[0 0 0 ... 0 0 0],1.0,-0.17962817878728288
5019,drugbank,Anamorelin,[0 1 0 ... 0 0 0],1.0,-0.17171667588940542
11672,broad,anamorelin,[0 1 0 ... 0 0 0],1.0,-0.17171667588940542
8112,drugbank,Cilengitide,[0 1 0 ... 0 0 0],1.0,-0.16801617455020768
13213,broad,cilengitide,[0 1 0 ... 0 0 0],1.0,-0.16801617455020768
12825,broad,caspofungin,[0 1 0 ... 0 0 0],1.0,-0.16582309385078775
12824,broad,caspofungin,[0 1 0 ... 0 0 0],1.0,-0.16582309385078775
4168,drugbank,(2R)-({4-[AMINO(IMINO)METHYL]PHENYL}AMINO){5-ETHOXY-2-FLUORO-3-[(3R)-TETRAHYDROFURAN-3-YLOXY]PHENYL}ACETICACID,[0 1 0 ... 0 0 0],1.0,-0.16475493257363372
10324,drugbank,Motixafortide,[0 1 0 ... 0 0 0],1.0,-0.15994355438824492
18651,broad,radezolid,[0 0 0 ... 0 0 0],1.0,-0.15718851663203948
8484,drugbank,Radezolid,[0 0 0 ... 0 0 0],1.0,-0.15718851663203948
9483,drugbank,Dibrompropamidine,[0 0 0 ... 0 0 0],1.0,-0.14655512632520118
10847,reframe,Ro-44-3888,[0 1 0 ... 0 0 0],1.0,-0.14288867806991723
8773,drugbank,Gusperimus,[0 1 0 ... 0 0 0],1.0,-0.12853613792318574
3936,drugbank,1-(4-Amidinophenyl)-3-(4-Chlorophenyl)Urea,[0 0 0 ... 0 0 0],1.0,-0.12712211898220416
10863,reframe,Roxifiban,[0 1 0 ... 0 0 0],1.0,-0.11839889759436606
10858,reframe,Ro-43-8857,[0 0 0 ... 0 0 0],1.0,-0.11476476005064506
5592,drugbank,"4-[(3R)-3-Amino-4-(2,4,5-trifluorophenyl)butanoyl]-3-(2,2,2-trifluoroethyl)-1,4-diazepan-2-one",[0 1 0 ... 0 0 0],1.0,-0.10926725856475084
10823,reframe,JTV-803,[0 0 0 ... 0 0 0],1.0,-0.10521230510451307
5346,drugbank,3-Hydroxypropyl 3-[(7-carbamimidoyl-1-naphthyl)carbamoyl]benzenesulfonate,[0 0 0 ... 0 0 0],1.0,-0.09956438298785175
5254,drugbank,1-butanoyl-N-(4-carbamimidoylbenzyl)-L-prolinamide,[0 0 0 ... 0 0 0],1.0,-0.09840698394254299
2029,drugbank,CRA-9334,[0 0 0 ... 0 0 0],1.0,-0.09515828117929714
16150,broad,LGX818,[0 1 0 ... 0 0 0],1.0,-0.058063269781133076
4970,drugbank,Labradimil,[0 1 0 ... 0 0 0],1.0,-0.047771289510717074
9100,drugbank,JTK-853,[0 0 0 ... 0 0 0],1.0,-0.042803126235623656
10855,reframe,TO-195,[0 0 0 ... 0 0 0],1.0,-0.04099288988617078
10835,reframe,KFA-1982,[0 0 0 ... 0 0 0],1.0,-0.032276793455639496
10524,drugbank,Edratide,[0 1 0 ... 0 0 0],1.0,-0.0062192689849773775
1778,drugbank,Amido Phenyl Pyruvic Acid,[0 0 0 ... 0 0 0],1.0,-0.00025260487134581844
1525,drugbank,CRA_17693,[0 1 0 ... 0 0 0],1.0,0.0091048082034898
5243,drugbank,2-(2-METHYLPHENYL)-1H-INDOLE-6-CARBOXIMIDAMIDE,[0 0 0 ... 0 0 0],1.0,0.009510381429911008
2011,drugbank,[4-({[5-Benzyloxy-1-(3-Carbamimidoyl-Benzyl)-1h-Indole-2-Carbonyl]-Amino}-Methyl)-Phenyl]-Trimethyl-Ammonium,[0 0 0 ... 0 0 0],1.0,0.017331492746553878
11894,broad,ATN-161,[0 1 0 ... 0 0 0],1.0,0.03176721943328942
11893,broad,ATN-161,[0 1 0 ... 0 0 0],1.0,0.03176721943328942
5178,drugbank,(S)-N-(4-carbamimidoylbenzyl)-1-(2-(cyclohexylamino)ethanoyl)pyrrolidine-2-carboxamide,[0 0 1 ... 0 0 0],1.0,0.03243737850521311
5181,drugbank,N-cycloheptylglycyl-N-(4-carbamimidoylbenzyl)-L-prolinamide,[0 0 1 ... 0 0 0],1.0,0.03243737850521311
5185,drugbank,N-cyclooctylglycyl-N-(4-carbamimidoylbenzyl)-L-prolinamide,[0 0 1 ... 0 0 0],1.0,0.03243737850521311
5174,drugbank,(S)-N-(4-carbamimidoylbenzyl)-1-(2-(cyclopentylamino)ethanoyl)pyrrolidine-2-carboxamide,[0 0 0 ... 0 0 0],1.0,0.03450428199395128
1607,drugbank,AP-22408,[0 1 1 ... 0 0 0],1.0,0.036893481106127446
833,drugbank,Netilmicin,[0 0 0 ... 0 0 0],1.0,0.04060412102070576
10296,drugbank,Retagliptin,[0 1 0 ... 0 0 0],1.0,0.044377382400469956
5267,drugbank,N-(4-carbamimidoylbenzyl)-1-(3-phenylpropanoyl)-L-prolinamide,[0 0 0 ... 0 0 0],1.0,0.04629236702337447
4341,drugbank,1-GUANIDINO-4-(N-NITRO-BENZOYLAMINO-L-LEUCYL-L-PROLYLAMINO)BUTANE,[0 1 0 ... 0 0 0],1.0,0.0650716060687907
12826,broad,caspofungin-acetate,[0 1 0 ... 0 0 0],1.0,0.0860168283077587
12827,broad,caspofungin-acetate,[0 1 0 ... 0 0 0],1.0,0.0860168283077587
10812,reframe,Avoralstat,[0 0 0 ... 0 0 0],1.0,0.08666020431747767
8847,drugbank,Furaprevir,[0 1 1 ... 0 0 0],1.0,0.09924804394461051
10773,reframe,Furaprevir,[0 1 1 ... 0 0 0],1.0,0.09924804394461051
17181,broad,netilmicin,[1 0 0 ... 0 0 0],1.0,0.13506668347188666
17180,broad,netilmicin,[1 0 0 ... 0 0 0],1.0,0.13506668347188666
17179,broad,netilmicin,[1 0 0 ... 0 0 0],1.0,0.13506668347188666
17178,broad,netilmicin,[1 0 0 ... 0 0 0],1.0,0.13506668347188666
7019,drugbank,[N-(BENZYLOXYCARBONYL)AMINO](4-AMIDINOPHENYL)METHANE-PHOSPHONATE,[0 1 0 ... 0 0 0],1.0,0.14437786824425947
6094,drugbank,"(3ASR,4RS,8ASR,8BRS)-4-(2-(4-FLUOROBENZYL)-1,3-DIOXODEACAHYDROPYRROLO[3,4-A] PYRROLIZIN-4-YL)BENZAMIDINE",[0 0 0 ... 0 0 0],1.0,0.14912304997679315
2194,drugbank,2-(2-Hydroxy-Phenyl)-1h-Indole-5-Carboxamidine,[0 0 0 ... 0 0 0],1.0,0.15428957449169778
5261,drugbank,N-(4-carbamimidoylbenzyl)-1-(4-methylpentanoyl)-L-prolinamide,[0 1 0 ... 0 0 0],1.0,0.15582515571932232
10816,reframe,PCI-27483,[0 1 0 ... 0 0 0],1.0,0.158428813880943
9018,drugbank,PCI-27483,[0 1 0 ... 0 0 0],1.0,0.158428813880943
5534,drugbank,N-(7-CARBAMIMIDOYL-NAPHTHALEN-1-YL)-3-HYDROXY-2-METHYL-BENZAMIDE,[0 0 0 ... 0 0 0],1.0,0.16428402988925772
5183,drugbank,6-FLUORO-2-[2-HYDROXY-3-(2-METHYL-CYCLOHEXYLOXY)-PHENYL]-1H-INDOLE-5-CARBOXAMIDINE,[0 0 0 ... 0 0 0],1.0,0.18168467426570467
8185,drugbank,TAK-448,[0 1 0 ... 0 0 0],1.0,0.1839599247412752
208,drugbank,Capreomycin,[0 1 0 ... 0 0 0],1.0,0.18515962219669369
17500,broad,octreotide,[0 1 0 ... 0 0 0],1.0,0.18579858882488398
17502,broad,octreotide,[0 1 0 ... 0 0 0],1.0,0.18579858882488398
17501,broad,octreotide,[0 1 0 ... 0 0 0],1.0,0.18579858882488398
17898,broad,pentamidine,[0 0 0 ... 0 0 0],1.0,0.18955086426584178
3438,drugbank,Hexamidine,[0 0 0 ... 0 0 0],1.0,0.18955086426584178
621,drugbank,Pentamidine,[0 0 0 ... 0 0 0],1.0,0.18955086426584178
17899,broad,pentamidine,[0 0 0 ... 0 0 0],1.0,0.18955086426584178
2166,drugbank,RU90395,[0 1 0 ... 0 0 0],1.0,0.19705085926739707
10727,drugbank,Ravidasvir,[0 1 0 ... 0 0 0],1.0,0.20229096698749205
9963,drugbank,Palmitoyl tetrapeptide-7,[0 1 0 ... 0 0 0],1.0,0.2146231139096918
12122,broad,BAY-87-2243,[0 0 0 ... 0 0 0],1.0,0.2197843246180261
10824,reframe,LB-30870,[0 1 0 ... 0 0 0],1.0,0.23108662756167575
5937,drugbank,"N-((1R,2S)-2-(5-CHLORO-1H-INDOLE-2-CARBOXAMIDO)CYCLOHEXYL)-5-METHYL-4,5,6,7-TETRAHYDROTHIAZOLO[5,4-C]PYRIDINE-2-CARBOXAMIDE",[0 0 0 ... 0 0 0],1.0,0.2569344396001382
5170,drugbank,"[(2R)-1-[(2S)-2-[[(2S,3S)-1-Chloro-6-(diaminomethylideneamino)-2-hydroxyhexan-3-yl]carbamoyl]pyrrolidin-1-yl]-1-oxo-3-phenylpropan-2-yl]azanium",[0 1 0 ... 0 0 0],1.0,0.26775737752162765
10831,reframe,Efegatran,[0 1 0 ... 0 0 0],1.0,0.2899219998040862
4614,drugbank,ABT-510,[0 1 0 ... 0 0 0],1.0,0.290339035993353
10844,reframe,LAMIFIBAN,[0 1 0 ... 0 0 0],1.0,0.2929532111342946
8621,drugbank,Atecegatran metoxil,[0 1 0 ... 0 0 0],1.0,0.2960808370777027
12733,broad,capreomycin,[0 1 0 ... 0 0 0],1.0,0.29668285846283504
8684,drugbank,Ozarelix,[0 1 0 ... 0 0 0],1.0,0.29770286753208686
15204,broad,GSK1904529A,[0 0 0 ... 0 0 0],1.0,0.30377350051748186
10837,reframe,Xemilofiban,[0 1 0 ... 0 0 0],1.0,0.3140314234283056
4432,drugbank,Lefradafiban,[0 1 0 ... 0 0 0],1.0,0.31714536186001496
10830,reframe,UK-156406,[0 1 0 ... 0 0 0],1.0,0.3485383835756134
2091,drugbank,4-{[1-Methyl-5-(2-Methyl-Benzoimidazol-1-Ylmethyl)-1h-Benzoimidazol-2-Ylmethyl]-Amino}-Benzamidine,[0 0 0 ... 0 0 0],1.0,0.35357183704387374
6471,drugbank,2-(2-METHYLPHENYL)-1H-INDOLE-5-CARBOXIMIDAMIDE,[0 0 0 ... 0 0 0],1.0,0.359218447646121
1521,drugbank,"Nalpha-(2-Naphthylsulfonylglycyl)-3-Amidino-D,L-Phenylalanine-Isopropylester",[0 1 0 ... 0 0 0],1.0,0.3672238774169835
13787,broad,delivert,[0 1 0 ... 0 0 0],1.0,0.37933660502891164
4517,drugbank,Ularitide,[0 1 0 ... 0 0 0],1.0,0.4169854236694802
2851,drugbank,CRA_10433,[0 0 0 ... 0 0 0],1.0,0.42778805087631555
2280,drugbank,SP4160,[0 1 0 ... 0 0 0],1.0,0.4639897495786992
10154,drugbank,Paramethasone acetate,[0 0 0 ... 0 0 0],1.0,0.47156953810189306
13929,broad,difluprednate,[0 0 0 ... 0 0 0],1.0,0.4863152491423167
12469,broad,bortezomib,[0 1 0 ... 0 0 0],1.0,0.4928257236628951
84,drugbank,Bortezomib,[0 1 0 ... 0 0 0],1.0,0.4928257236628951
12467,broad,bortezomib,[0 1 0 ... 0 0 0],1.0,0.4928257236628951
12468,broad,bortezomib,[0 1 0 ... 0 0 0],1.0,0.4928257236628951
12470,broad,bortezomib,[0 1 0 ... 0 0 0],1.0,0.4928257236628951
12471,broad,bortezomib,[0 1 0 ... 0 0 0],1.0,0.4928257236628951
5827,drugbank,"3-(2-aminoquinazolin-6-yl)-1-(3,3-dimethylindolin-6-yl)-4-methylpyridin-2(1H)-one",[0 0 0 ... 0 0 0],1.0,0.5065915772101414
5248,drugbank,2-(3-METHYLPHENYL)-1H-INDOLE-5-CARBOXIMIDAMIDE,[0 0 0 ... 0 0 0],1.0,0.5188368326646285
4342,drugbank,1-GUANIDINO-4-(N-PHENYLMETHANESULFONYL-L-LEUCYL-L-PROLYLAMINO)BUTANE,[0 1 0 ... 0 0 0],1.0,0.519671250597105
5550,drugbank,"3-{5-[AMINO(IMINIO)METHYL]-1H-INDOL-2-YL}-5-METHOXY-1,1'-BIPHENYL-2-OLATE",[0 0 0 ... 0 0 0],1.0,0.5314762730816119
5478,drugbank,"(3R)-4-[(3R)-3-AMINO-4-(2,4,5-TRIFLUOROPHENYL)BUTANOYL]-3-METHYL-1,4-DIAZEPAN-2-ONE",[0 1 0 ... 0 0 0],1.0,0.5323552554845078
9811,drugbank,Netarsudil,[0 1 0 ... 0 0 0],1.0,0.5331429028949203
17820,broad,pazopanib,[0 0 0 ... 0 0 0],1.0,0.5657563114258904
17821,broad,pazopanib,[0 0 0 ... 0 0 0],1.0,0.5657563114258904
4986,drugbank,Pazopanib,[0 0 0 ... 0 0 0],1.0,0.5657563114258904
6431,drugbank,"5-CHLORO-THIOPHENE-2-CARBOXYLIC ACID ((3S,4S)-4-FLUORO- 1-{[2-FLUORO-4-(2-OXO-2H-PYRIDIN-1-YL)-PHENYLCARBAMOYL]-METHYL}-PYRROLIDIN-3-YL)-AMIDE",[0 0 0 ... 0 0 0],1.0,0.5771867958981726
1139,drugbank,Pramlintide,[0 1 0 ... 0 0 0],1.0,0.6056689493507602
6097,drugbank,N-(2-(((5-CHLORO-2-PYRIDINYL)AMINO)SULFONYL)PHENYL)-4-(2-OXO-1(2H)-PYRIDINYL)BENZAMIDE,[0 0 0 ... 0 0 0],1.0,0.6084892378203023
5329,drugbank,D-phenylalanyl-N-{4-[amino(iminio)methyl]benzyl}-L-prolinamide,[0 1 0 ... 0 0 0],1.0,0.6414867082796768
4828,drugbank,Rivaroxaban,[0 0 0 ... 0 0 0],1.0,0.6501351275537129
18838,broad,rivaroxaban,[0 0 0 ... 0 0 0],1.0,0.6501351275537129
18839,broad,rivaroxaban,[0 0 0 ... 0 0 0],1.0,0.6501351275537129
10788,reframe,rivaroxaban,[0 0 0 ... 0 0 0],1.0,0.6501351275537129
3845,drugbank,N-Alpha-(2-Naphthylsulfonyl)-N-(3-Amidino-L-Phenylalaninyl)-D-Pipecolinic Acid,[0 1 0 ... 0 0 0],1.0,0.6691703498034095
14563,broad,etoposide,[0 0 0 ... 0 0 0],1.0,0.6700361762901904
14564,broad,etoposide,[0 0 0 ... 0 0 0],1.0,0.6700361762901904
14565,broad,etoposide,[0 0 0 ... 0 0 0],1.0,0.6700361762901904
656,drugbank,Etoposide,[0 0 0 ... 0 0 0],1.0,0.6700361762901904
14566,broad,etoposide,[0 0 0 ... 0 0 0],1.0,0.6700361762901904
14567,broad,etoposide,[0 0 0 ... 0 0 0],1.0,0.6700361762901904
14568,broad,etoposide,[0 0 0 ... 0 0 0],1.0,0.6700361762901904
10841,reframe,Unknown0,[0 1 0 ... 0 0 0],1.0,0.6865719835180785
2075,drugbank,RU83876,[0 1 0 ... 0 0 0],1.0,0.6989799276246748
2837,drugbank,CRA_8696,[0 0 0 ... 0 0 0],1.0,0.7148978287143869
4500,drugbank,Rimiducid,[0 1 0 ... 0 0 0],1.0,0.7323524992998384
11724,broad,AP1903,[0 1 0 ... 0 0 0],1.0,0.7323524992998384
8021,drugbank,NRX-1074,[0 1 0 ... 0 0 0],1.0,0.7324115820955851
10577,drugbank,PL-3994,[0 1 0 ... 0 0 0],1.0,0.7888015513775767
14364,broad,eperezolid,[0 0 0 ... 0 0 0],1.0,0.7923711162651433
10818,reframe,Nokxaban,[0 0 0 ... 0 0 0],1.0,0.8000569111199168
3494,drugbank,6-Chloro-2-(2-Hydroxy-Biphenyl-3-Yl)-1h-Indole-5-Carboxamidine,[0 0 0 ... 0 0 0],1.0,0.8121517899138478
10787,reframe,Fidexaban,[0 0 0 ... 0 0 0],1.0,0.8226685968867561
13436,broad,colistin-sulfate,[0 1 0 ... 0 0 0],1.0,0.8232799999709576
13437,broad,colistin-sulfate,[0 1 0 ... 0 0 0],1.0,0.8232799999709576
10605,drugbank,Danicopan,[0 0 0 ... 0 0 0],1.0,0.8335224146588388
17638,broad,OTS167,[0 0 0 ... 0 1 0],1.0,0.8524494843696236
15839,broad,JTE-607,[0 1 0 ... 1 0 0],1.0,0.8532127760281719
15838,broad,JTE-607,[0 1 0 ... 1 0 0],1.0,0.8532127760281719
10865,reframe,R-142086,[0 0 0 ... 0 0 0],1.0,0.8602558866854689
20863,broad,XL888,[0 1 0 ... 0 0 0],1.0,0.8664807250516032
10839,reframe,SDZ-GPI-562,[0 1 0 ... 0 0 0],1.0,0.8668176500276682
334,drugbank,Teniposide,[0 0 0 ... 0 0 0],1.0,0.8824292870114102
19956,broad,teniposide,[0 0 0 ... 0 0 0],1.0,0.8824292870114102
19954,broad,teniposide,[0 0 0 ... 0 0 0],1.0,0.8824292870114102
10241,drugbank,AMY-101,[0 1 0 ... 0 0 0],1.0,0.8843617805010134
10866,reframe,TAK-029,[0 0 0 ... 0 0 0],1.0,0.9187664159562344
4184,drugbank,2-[2-ETHANESULFONYLAMINO-3-(5-PROPOXY-1H-INDOL-3-YL)-PROPIONYLAMINO]-PENTANEDIOIC ACID 5-AMIDE 1-(4-CARBAMIMIDOYL-BENZYLAMIDE),[0 1 0 ... 0 0 0],1.0,0.9188947687761154
3873,drugbank,Cyclotheonamide A,[0 0 0 ... 0 0 0],1.0,0.9414915922229333
2733,drugbank,7-Methoxy-8-[1-(Methylsulfonyl)-1h-Pyrazol-4-Yl]Naphthalene-2-Carboximidamide,[0 1 0 ... 0 0 0],1.0,0.9710290212557809
4246,drugbank,4-[(5-CHLOROINDOL-2-YL)SULFONYL]-2-(2-METHYLPROPYL)-1-[[5-(PYRIDIN-4-YL)PYRIMIDIN-2-YL]CARBONYL]PIPERAZINE,[0 1 0 ... 0 0 0],1.0,1.0064760798764527
12720,broad,candicidin,[0 1 0 ... 0 0 0],1.0,1.0144056589602433
16034,broad,lappaconite,[0 0 0 ... 0 0 0],1.0,1.0178969617497091
8073,drugbank,Angiotensin II,[0 1 0 ... 0 0 0],1.0,1.0239616389618087
5,drugbank,Cetrorelix,[0 1 0 ... 0 0 0],1.0,1.02671283000686
13030,broad,cetrorelix,[0 1 0 ... 0 0 0],1.0,1.02671283000686
12734,broad,capreomycin,[0 1 0 ... 0 0 0],1.0,1.0388887188797842
20895,broad,YM-244769,[0 0 0 ... 0 0 0],1.0,1.0429383628459585
8430,drugbank,Vidupiprant,[0 0 0 ... 0 0 0],1.0,1.0637998303964813
6109,drugbank,"N-[(1S)-2-amino-1-phenylethyl]-5-(1H-pyrrolo[2,3-b]pyridin-4-yl)thiophene-2-carboxamide",[0 1 0 ... 0 0 0],1.0,1.0646246479354193
10872,reframe,TAK-024,[0 0 0 ... 0 0 0],1.0,1.0674645128090376
19735,broad,T-5224,[0 0 0 ... 0 0 0],1.0,1.0693552321500754
6081,drugbank,1-((1R)-1-(HYDROXYMETHYL)-3-{6-[(3-PHENYLPROPANOYL)AMINO]-1H-INDOL-1-YL}PROPYL)-1H-IMIDAZOLE-4-CARBOXAMIDE,[0 1 1 ... 0 0 0],1.0,1.089629222767654
5122,drugbank,Ganirelix,[0 1 0 ... 0 0 0],1.0,1.0900278299309298
4676,drugbank,Larazotide,[0 1 0 ... 0 0 0],1.0,1.1010103417801753
1869,drugbank,Zk-806450,[0 0 0 ... 0 0 0],1.0,1.113433966629473
2529,drugbank,FR236913,[0 1 1 ... 0 0 0],1.0,1.1144109541776683
10244,drugbank,Avexitide,[0 1 0 ... 0 0 0],1.0,1.1189129759964658
10763,reframe,Razaxaban ,[0 0 0 ... 0 0 0],1.0,1.1221179795357288
20087,broad,thiostrepton,[0 1 0 ... 0 1 0],1.0,1.124995482471074
3823,drugbank,CRA_9076,[0 0 0 ... 0 0 0],1.0,1.1279812471763
6462,drugbank,"5-CHLORO-N-((1R,2S)-2-(4-(2-OXOPYRIDIN-1(2H)-YL)BENZAMIDO) CYCLOPENTYL)THIOPHENE-2-CARBOXAMIDE",[0 0 0 ... 0 0 0],1.0,1.141552995942586
1143,drugbank,Tetracosactide,[0 1 0 ... 0 0 0],1.0,1.143008057299658
10141,drugbank,Methylprednisolone hemisuccinate,[0 0 0 ... 0 0 0],1.0,1.1483501146311506
19872,broad,TC-OT-39,[0 0 0 ... 0 0 0],1.0,1.1643850700809066
11762,broad,AR-12,[0 0 0 ... 0 0 0],1.0,1.1807375092169434
11765,broad,AR-12,[0 0 0 ... 0 0 0],1.0,1.1807375092169434
11764,broad,AR-12,[0 0 0 ... 0 0 0],1.0,1.1807375092169434
11763,broad,AR-12,[0 0 0 ... 0 0 0],1.0,1.1807375092169434
4938,drugbank,Fradafiban,[0 0 0 ... 0 0 0],1.0,1.1870301505186527
10807,reframe,fradafiban,[0 0 0 ... 0 0 0],1.0,1.1870301505186527
10842,reframe,Carafiban,[0 1 0 ... 0 0 0],1.0,1.195983734367203
7262,drugbank,Corticorelin ovine triflutate,[0 1 0 ... 0 0 0],1.0,1.209471911337486
12313,broad,BIBN4096,[0 1 0 ... 0 0 0],1.0,1.2169484678122804
12311,broad,BIBN4096,[0 1 0 ... 0 0 0],1.0,1.2169484678122804
4438,drugbank,Olcegepant,[0 1 0 ... 0 0 0],1.0,1.2169484678122804
12312,broad,BIBN4096,[0 1 0 ... 0 0 0],1.0,1.2169484678122804
4694,drugbank,alpha-Conotoxin VC 1.1,[0 1 0 ... 0 0 0],1.0,1.2243194026009405
10845,reframe,SC 52012,[0 1 0 ... 0 0 0],1.0,1.2343437434490907
10743,drugbank,Lenacapavir,[0 1 0 ... 0 0 0],1.0,1.242921123436607
2233,drugbank,N-(R-Carboxy-Ethyl)-Alpha-(S)-(2-Phenylethyl),[0 0 0 ... 0 0 0],1.0,1.2587765759126386
15154,broad,GR-144053,[0 0 0 ... 0 0 0],1.0,1.2692494395851455
4142,drugbank,CRA_9678,[0 0 0 ... 0 0 0],1.0,1.2910087581448852
7785,drugbank,Prostalene,[0 0 0 ... 0 0 0],1.0,1.2932700095186247
10485,drugbank,25-desacetylrifapentine,[0 0 0 ... 1 0 0],1.0,1.2955681709186222
8814,drugbank,CGI-1842,[0 0 0 ... 0 0 0],1.0,1.3048696757218936
6167,drugbank,5-chloro-N-[(3R)-1-(2-{[2-fluoro-4-(2-oxopyridin-1(2H)-yl)phenyl]amino}-2-oxoethyl)pyrrolidin-3-yl]thiophene-2-carboxamide,[0 0 0 ... 0 0 0],1.0,1.3059915025380229
10786,reframe,YM-75466,[0 0 0 ... 0 0 0],1.0,1.3360659251313
6461,drugbank,5-CHLORO-N-(2-(4-(2-OXOPYRIDIN-1(2H)-YL)BENZAMIDO)ETHYL)THIOPHENE-2-CARBOXAMIDE,[0 0 0 ... 0 0 0],1.0,1.3415063709802468
10471,drugbank,Mibenratide,[0 1 0 ... 0 0 0],1.0,1.3415434507158355
7458,drugbank,Ombitasvir,[0 1 0 ... 0 0 0],1.0,1.347916646893645
17555,broad,ombitasvir,[0 1 0 ... 0 0 0],1.0,1.347916646893645
17554,broad,ombitasvir,[0 1 0 ... 0 0 0],1.0,1.347916646893645
10198,drugbank,Dabigatran,[0 0 0 ... 0 0 0],1.0,1.3628732944004907
13664,broad,dabigatran,[0 0 0 ... 0 0 0],1.0,1.3628732944004907
13667,broad,dabigatran,[0 0 0 ... 0 0 0],1.0,1.3628732944004907
13666,broad,dabigatran,[0 0 0 ... 0 0 0],1.0,1.3628732944004907
13665,broad,dabigatran,[0 0 0 ... 0 0 0],1.0,1.3628732944004907
10766,reframe,dabigatran,[0 0 0 ... 0 0 0],1.0,1.3628732944004907
7395,drugbank,Polaprezinc,[0 1 0 ... 0 0 0],1.0,1.3805766791813725
16680,broad,methylprednisolone-sodium-succinate,[0 0 0 ... 0 0 0],1.0,1.3825500007145024
10867,reframe,"VLA-4 antagonists, Aventis",[0 1 0 ... 0 0 0],1.0,1.406226020716777
10819,reframe,Tanogitran,[0 0 0 ... 0 0 0],1.0,1.4334700339411954
11824,broad,AS-2444697,[0 0 0 ... 0 0 0],1.0,1.4404656031096792
3588,drugbank,Clorobiocin,[0 0 0 ... 0 0 0],1.0,1.4639978702052487
3043,drugbank,ZK-806711,[0 0 0 ... 0 0 0],1.0,1.4692513661805657
11,drugbank,Abarelix,[0 1 0 ... 0 0 0],1.0,1.4728857485177906
11530,broad,AMG-925,[0 0 0 ... 0 0 0],1.0,1.4745059759630963
3350,drugbank,RU85053,[0 1 0 ... 0 0 0],1.0,1.492504409815263
3949,drugbank,Argadin,[0 0 0 ... 0 0 0],1.0,1.4938595591737913
9781,drugbank,Fluticasone,[0 0 0 ... 0 0 0],1.0,1.5036805567773044
4849,drugbank,Aviptadil,[0 1 0 ... 0 0 0],1.0,1.5264219606848122
8762,drugbank,Relamorelin,[0 1 0 ... 0 0 0],1.0,1.5424635433617886
2304,drugbank,"N(2)-carbamimidoyl-N-{2-[4-(3-{4-[(5-carboxyfuran-2-yl)methoxy]-2,3-dichlorophenyl}-1-methyl-1H-pyrazol-5-yl)piperidin-1-yl]-2-oxoethyl}-D-leucinamide",[0 1 0 ... 0 0 0],1.0,1.5442349482614182
10856,reframe,T-250,[0 1 0 ... 0 0 0],1.0,1.56339274766035
10659,drugbank,Edotreotide gallium Ga-68,[0 1 0 ... 0 0 0],1.0,1.5660882881050968
5164,drugbank,(2S)-2-[3-(AMINOMETHYL)PHENYL]-3-{(S)-HYDROXY[(1R)-2-METHYL-1-{[(2-PHENYLETHYL)SULFONYL]AMINO}PROPYL]PHOSPHORYL}PROPANOIC ACID,[0 1 0 ... 0 0 0],1.0,1.625455345258107
2495,drugbank,"(2S)-2-({4-[(2S)-1-(2-Amino-4-oxo-1,4-dihydro-6-quinazolinyl)-3-{[2-({(2R,3R,4S,5R)-3,4-dihydroxy-5-[(phosphonooxy)methyl]tetrahydro-2-furanyl}amino)-2-oxoethyl]amino}-2-hydroxy-2-propanyl]benzoyl}ami no)pentanedioic acid",[0 1 0 ... 0 0 0],1.0,1.640991290649756
15207,broad,GSK2190915,[0 0 0 ... 0 0 0],1.0,1.6504246793777497
4885,drugbank,Fiboflapon,[0 0 0 ... 0 0 0],1.0,1.6504246793777497
9021,drugbank,Cortivazol,[0 0 0 ... 0 0 0],1.0,1.6643585264925616
7797,drugbank,Thiostrepton,[0 1 0 ... 0 0 0],1.0,1.6755358205667092
10369,drugbank,TAK-243,[0 0 0 ... 0 0 0],1.0,1.741950400031568
12379,broad,bivalirudin,[0 1 0 ... 0 0 0],1.0,1.754678386938941
19870,broad,TC-NTR1-17,[0 1 0 ... 0 0 0],1.0,1.7707868585624436
4669,drugbank,Teverelix,[0 1 0 ... 0 0 0],1.0,1.7985268465234832
10454,drugbank,Albuvirtide,[0 1 0 ... 0 0 0],1.0,1.8003475064035444
5045,drugbank,Dabigatran etexilate,[0 0 0 ... 0 0 0],1.0,1.8183815944313744
13669,broad,dabigatran-etexilate,[0 0 0 ... 0 0 0],1.0,1.8183815944313744
13668,broad,dabigatran-etexilate,[0 0 0 ... 0 0 0],1.0,1.8183815944313744
10836,reframe,Ro-43-5054,[0 1 0 ... 0 0 0],1.0,1.837198020045971
2765,drugbank,"[N-[N-(4-Methoxy-2,3,6-trimethylphenylsulfonyl)-L-aspartyl]-D-(4-amidino-phenylalanyl)]-piperidine",[0 1 1 ... 0 0 0],1.0,1.8396395231027491
3721,drugbank,[(1-{2[(4-Carbamimidoyl-Phenylamino)-Methyl]-1-Methyl-1h-Benzoimidazol-5-Yl}-Cyclopropyl)-Pyridin-2-Yl-Methyleneaminooxy]-Acetic Acid Ethyl Ester,[0 0 0 ... 0 0 0],1.0,1.8484851765928756
7430,drugbank,Lixisenatide,[0 1 0 ... 0 0 0],1.0,1.8552050814428434
4541,drugbank,Aminocandin,[0 1 0 ... 0 0 0],1.0,1.8612918113096182
4871,drugbank,Glesatinib,[0 0 0 ... 0 0 0],1.0,1.8658893978581554
8259,drugbank,BMS-777607,[0 0 0 ... 0 0 0],1.0,1.9178595836177257
12433,broad,BMS-777607,[0 0 0 ... 0 0 0],1.0,1.9178595836177257
5049,drugbank,Degarelix,[0 1 0 ... 0 0 0],1.0,1.9235183485562786
14610,broad,exenatide,[0 1 0 ... 0 0 0],1.0,1.9718511315171288
10864,reframe,FR-158999,[0 1 0 ... 0 0 0],1.0,2.0044924641174897
6517,drugbank,"[5-(5-Amino-1H-pyrrolo[3,2-b]pyridin-2-yl)-6-hydroxy-3'-nitro-3-biphenylyl]acetic acid",[0 0 0 ... 0 0 0],1.0,2.0090910431080697
5568,drugbank,"[2'-HYDROXY-3'-(1H-PYRROLO[3,2-C]PYRIDIN-2-YL)-BIPHENYL-3-YLMETHYL]-UREA",[0 0 0 ... 0 0 0],1.0,2.012863433184942
11688,broad,anidulafungin,[0 1 0 ... 0 0 0],1.0,2.039064938010969
20472,broad,TXA127,[0 1 0 ... 0 0 0],1.0,2.0832122376559155
20471,broad,TXA127,[0 1 0 ... 0 0 0],1.0,2.0832122376559155
11602,broad,ammonium-glycyrrhizinate,[0 0 0 ... 0 0 0],1.0,2.129798288794579
11601,broad,ammonium-glycyrrhizinate,[0 0 0 ... 0 0 0],1.0,2.129798288794579
8126,drugbank,Acyline,[0 1 0 ... 0 0 0],1.0,2.140166699567012
12066,broad,bacitracin,[0 1 0 ... 0 0 0],1.0,2.3268814371716013
4521,drugbank,Obinepitide,[0 1 0 ... 0 0 0],1.0,2.3473371768710685
8000,drugbank,Pevonedistat,[0 0 0 ... 0 0 0],1.0,2.364368003828466
17944,broad,pevonedistat,[0 0 0 ... 0 0 0],1.0,2.364368003828466
15014,broad,GDC-0068,[0 1 0 ... 0 0 0],1.0,2.368870823936136
17372,broad,novobiocin,[0 0 0 ... 0 0 0],1.0,2.3770020870410495
17371,broad,novobiocin,[0 0 0 ... 0 0 0],1.0,2.3770020870410495
17370,broad,novobiocin,[0 0 0 ... 0 0 0],1.0,2.3770020870410495
924,drugbank,Novobiocin,[0 0 0 ... 0 0 0],1.0,2.3770020870410495
16474,broad,meclinertant,[0 0 0 ... 0 0 0],1.0,2.423960885875259
4928,drugbank,Meclinertant,[0 0 0 ... 0 0 0],1.0,2.423960885875259
7988,drugbank,Ipatasertib,[0 1 0 ... 0 0 0],1.0,2.4402770012873076
19175,broad,SB-772077B,[0 0 0 ... 0 0 0],1.0,2.4445538076994158
17513,broad,oglemilast,[0 1 0 ... 0 0 0],1.0,2.4676210141195254
8509,drugbank,Oglemilast,[0 1 0 ... 0 0 0],1.0,2.4676210141195254
7819,drugbank,Amphomycin,[0 1 0 ... 0 0 0],1.0,2.530082868911367
7970,drugbank,Angiotensin 1-7,[0 1 0 ... 0 0 0],1.0,2.5445556913322447
12380,broad,bivalirudin,[0 1 0 ... 0 0 0],1.0,2.5638710291747953
12381,broad,bivalirudin,[0 1 0 ... 0 0 0],1.0,2.5638710291747953
0,drugbank,Bivalirudin,[0 1 0 ... 0 0 0],1.0,2.5638710291747953
4947,drugbank,Aplaviroc,[0 1 1 ... 0 0 0],1.0,2.614052078558768
10714,drugbank,Zilucoplan,[0 1 1 ... 0 0 0],1.0,2.6719448770814096
10260,drugbank,Ripretinib,[0 0 0 ... 0 0 0],1.0,2.8517856368365213
15774,broad,itacitinib,[0 0 0 ... 0 0 0],1.0,2.987577183961421
8335,drugbank,Itacitinib,[0 0 0 ... 0 0 0],1.0,2.987577183961421
8722,drugbank,Aclerastide,[0 1 0 ... 0 0 0],1.0,3.4223984486362315
7956,drugbank,Acalabrutinib,[0 0 0 ... 0 0 0],1.0,3.493506078684028
11208,broad,acalabrutinib,[0 0 0 ... 0 0 0],1.0,3.493506078684028
10746,reframe,CU-2010,[0 1 0 ... 0 0 0],1.0,3.754191553189501
10387,drugbank,LY-2881835,[0 1 0 ... 0 0 0],1.0,3.8594142627824564
10316,drugbank,Cobomarsen,[0 0 0 ... 0 0 0],1.0,4.7499598633194715
10590,drugbank,Tozuleristide,[0 1 0 ... 0 0 0],1.0,5.754268624753115
10303,drugbank,Imetelstat,[0 1 0 ... 0 0 0],1.0,6.52982280752521
