acvalue_target,activity_target,target,tmprss2_vs_target_spearman_r,acvalue_scaled_to_tmprss2,cid,smiles
0.019,Active,TMPRSS2,1.0,0.019,46899577,C1C[C@H](N(C1)C(=O)[C@@H](CCCN=C(N)N)NS(=O)(=O)CC2=CC=CC=C2)C(=O)NCC3=CC=C(C=C3)C(=N)N
0.019,Active,TMPRSS2,1.0,0.019,56677005,CC(C)(C)OC(=O)C[C@H](C(=O)N1CCC[C@H]1C(=O)NCC2=CC=C(C=C2)C(=N)N)NS(=O)(=O)CC3=CC=CC=C3
0.02,Active,TMPRSS2,1.0,0.02,49835415,C1C[C@H](N(C1)C(=O)[C@@H](CCCCN)NS(=O)(=O)CC2=CC=CC=C2)C(=O)NCC3=CC=C(C=C3)C(=N)N
0.021,Active,TMPRSS2,1.0,0.021,49835557,C1C[C@H](N(C1)C(=O)[C@@H](CCCCN=C(N)N)NS(=O)(=O)CC2=CC=CC=C2)C(=O)NCC3=CC=C(C=C3)C(=N)N
0.044000000000000004,Active,TMPRSS2,1.0,0.044000000000000004,0,N=C(C1=CC=C(C=C1)CNC([C@@H]2CCCN2C([C@H](CCC3=CC=CC=N3)NS(=O)(CC4=CC=CC=C4)=O)=O)=O)N
0.05,Active,TMPRSS2,1.0,0.05,49835508,C1C[C@H](N(C1)C(=O)[C@@H](CCC2=CC=CC=C2)NS(=O)(=O)CC3=CC=CC=C3)C(=O)NCC4=CC=C(C=C4)C(=N)N
0.12300000000000001,Active,TMPRSS2,1.0,0.12300000000000001,49835606,C1C[C@H](N(C1)C(=O)[C@@H](CC2=CC=C(C=C2)C(=N)N)NS(=O)(=O)CC3=CC=CC=C3)C(=O)NCC4=CC=C(C=C4)C(=N)N
0.16,Active,TMPRSS2,1.0,0.16,49835507,C1C[C@H](N(C1)C(=O)[C@@H](CC2=CC=CC=C2)NS(=O)(=O)CC3=CC=CC=C3)C(=O)NCC4=CC=C(C=C4)C(=N)N
0.184,Active,TMPRSS2,1.0,0.184,49835556,C1C[C@H](N(C1)C(=O)[C@@H](CCCCNC(=O)OCC2=CC=CC=C2)NS(=O)(=O)CC3=CC=CC=C3)C(=O)NCC4=CC=C(C=C4)C(=N)N
0.23,Active,TMPRSS2,1.0,0.23,56670171,CC(C)(C)OC(=O)CC[C@H](C(=O)N1CCC[C@H]1C(=O)NCC2=CC=C(C=C2)C(=N)N)NS(=O)(=O)CC3=CC=CC=C3
0.322,Active,TMPRSS2,1.0,0.322,56673691,CC(C)[C@H](C(=O)N1CCC[C@H]1C(=O)NCC2=CC=C(C=C2)C(=N)N)NS(=O)(=O)CC3=CC=CC=C3
0.335,Active,TMPRSS2,1.0,0.335,46899736,C1CCC(CC1)C[C@H](C(=O)N2CCC[C@H]2C(=O)NCC3=CC=C(C=C3)C(=N)N)NS(=O)(=O)CC4=CC=CC=C4
0.39299999999999996,Active,TMPRSS2,1.0,0.39299999999999996,56673692,CC(C)C[C@H](C(=O)N1CCC[C@H]1C(=O)NCC2=CC=C(C=C2)C(=N)N)NS(=O)(=O)CC3=CC=CC=C3
0.706,Active,TMPRSS2,1.0,0.706,49835559,C1C[C@H](N(C1)C(=O)[C@@H](CC2=CC=C(C=C2)C#N)NS(=O)(=O)CC3=CC=CC=C3)C(=O)NCC4=CC=C(C=C4)C(=N)N
1.633,Active,TMPRSS2,1.0,1.633,0,N=C(N)C1=CC=C(CNC([C@@H]2CCCN2C(CNS(=O)(CC3=CC=CC=C3)=O)=O)=O)C=C1
1.6369999999999998,Active,TMPRSS2,1.0,1.6369999999999998,0,N=C(N)C1=CC=C(CNC([C@@H]2CCCN2C([C@@H](C)NS(=O)(CC3=CC=CC=C3)=O)=O)=O)C=C1
7.343999999999999,Active,TMPRSS2,1.0,7.343999999999999,56673693,C1C[C@H](N(C1)C(=O)[C@@H](CC(=O)O)NS(=O)(=O)CC2=CC=CC=C2)C(=O)NCC3=CC=C(C=C3)C(=N)N
0.018000000000000002,Active,TMPRSS2,1.0,0.018000000000000002,0,O=S(CC1=CC=CC=C1)(N[C@@H](C(N[C@H](C(NCC2=CC=C(C=C2)C(N)=N)=O)C)=O)CCCNC(N)=N)=O
0.025,Active,TMPRSS2,1.0,0.025,0,O=S(CC1=CC=CC=C1)(N[C@@H](C(N[C@H](C(NCC2=CC=C(C=C2)C(N)=N)=O)CCCNC(N)=N)=O)CCCNC(N)=N)=O
0.05,Active,TMPRSS2,1.0,0.05,0,O=S(CC1=CC=CC=C1)(N[C@@H](C(N[C@H](C(NCC2=CC=C(C=C2)C(N)=N)=O)CCCCNC(OCC3=CC=CC=C3)=O)=O)CCCNC(N)=N)=O
0.052000000000000005,Active,TMPRSS2,1.0,0.052000000000000005,0,O=S(CC1=CC=CC=C1)(N[C@@H](C(N[C@H](C(NCC2=CC=C(C=C2)C(N)=N)=O)CC)=O)CCCNC(N)=N)=O
0.068,Active,TMPRSS2,1.0,0.068,0,O=S(CC1=CC=CC=C1)(N[C@@H](C(N[C@H](C(NCC2=CC=C(C=C2)C(N)=N)=O)CCC)=O)CCCNC(N)=N)=O
0.068,Active,TMPRSS2,1.0,0.068,0,O=S(CC1=CC=CC=C1)(N[C@H](CCCNC(N)=N)C(NCC(NCC2=CC=C(C(N)=N)C=C2)=O)=O)=O
0.14300000000000002,Active,TMPRSS2,1.0,0.14300000000000002,0,O=S(CC1=CC=CC=C1)(N[C@@H](C(N[C@H](C(NCC2=CC=C(C=C2)C(N)=N)=O)CO)=O)CCCNC(N)=N)=O
0.21,Active,TMPRSS2,1.0,0.21,0,O=S(CC1=CC=CC=C1)(N[C@H](CCCNC(N)=N)C(N[C@@H](CC2=CC=CC=C2)C(NCC3=CC=C(C(N)=N)C=C3)=O)=O)=O
0.272,Active,TMPRSS2,1.0,0.272,0,O=S(CC1=CC=CC=C1)(N[C@@H](C(N[C@H](C(NCC2=CC=C(C=C2)C(N)=N)=O)CC(C)C)=O)CCCNC(N)=N)=O
0.409,Active,TMPRSS2,1.0,0.409,0,O=S(CC1=CC=CC=C1)(N[C@@H](C(N[C@H](C(NCC2=CC=C(C=C2)C(N)=N)=O)C(C)C)=O)CCCNC(N)=N)=O
0.738,Active,TMPRSS2,1.0,0.738,0,O=S(CC1=CC=CC=C1)(N[C@@H](C(N[C@H](C(NCC2=CC=C(C=C2)C(N)=N)=O)CC(OC(C)(C)C)=O)=O)CCCNC(N)=N)=O
0.499,Active,TMPRSS2,1.0,0.499,0,O=S(CC1=CC=CC=C1)(N[C@@H](C(N[C@H](C(NCC2=CC=C(C=C2)C(N)=N)=O)[C@H](CC)C)=O)CCCNC(N)=N)=O
10.0,Active,TMPRSS2,1.0,10.0,0,O=S(CC1=CC=CC=C1)(N[C@@H](C(N[C@H](C(NCC2=CC=C(C=C2)C(N)=N)=O)CC(O)=O)=O)CCCNC(N)=N)=O
0.045,Active,TMPRSS2,1.0,0.045,56683659,C1C[C@H](N(C1)C(=O)[C@@H](CC(=O)N2CCNCC2)NS(=O)(=O)CC3=CC=CC=C3)C(=O)NCC4=CC=C(C=C4)C(=N)N
0.10099999999999999,Active,TMPRSS2,1.0,0.10099999999999999,56683658,C1C[C@H](N(C1)C(=O)[C@@H](CC(=O)N2CCOCC2)NS(=O)(=O)CC3=CC=CC=C3)C(=O)NCC4=CC=C(C=C4)C(=N)N
0.111,Active,TMPRSS2,1.0,0.111,56666743,CC1=CC(=C(C=C1)C)N2CCN(CC2)C(=O)C[C@H](C(=O)N3CCC[C@H]3C(=O)NCC4=CC=C(C=C4)C(=N)N)NS(=O)(=O)CC5=CC=CC=C5
0.244,Active,TMPRSS2,1.0,0.244,56663318,CC(C)N1CCN(CC1)C(=O)C[C@H](C(=O)N2CCC[C@H]2C(=O)NCC3=CC=C(C=C3)C(=N)N)NS(=O)(=O)CC4=CC=CC=C4
0.248,Active,TMPRSS2,1.0,0.248,56659849,CN(C)CCCN1CCN(CC1)C(=O)C[C@H](C(=O)N2CCC[C@H]2C(=O)NCC3=CC=C(C=C3)C(=N)N)NS(=O)(=O)CC4=CC=CC=C4
0.363,Active,TMPRSS2,1.0,0.363,56663317,C1C[C@H](N(C1)C(=O)[C@@H](CC(=O)N2CCN(CC2)CC3=CC=CC=C3)NS(=O)(=O)CC4=CC=CC=C4)C(=O)NCC5=CC=C(C=C5)C(=N)N
0.41700000000000004,Active,TMPRSS2,1.0,0.41700000000000004,56666744,C1C[C@H](N(C1)C(=O)[C@@H](CC(=O)N2CCN(CC2)CCO)NS(=O)(=O)CC3=CC=CC=C3)C(=O)NCC4=CC=C(C=C4)C(=N)N
0.6,Active,TMPRSS2,1.0,0.6,56677006,C1C[C@H](N(C1)C(=O)[C@@H](CCC(=O)N2CCNCC2)NS(=O)(=O)CC3=CC=CC=C3)C(=O)NCC4=CC=C(C=C4)C(=N)N
0.624,Active,TMPRSS2,1.0,0.624,56659848,C1C[C@H](N(C1)C(=O)[C@@H](CC(=O)N2CCN(CC2)C(=O)OCC3=CC=CC=C3)NS(=O)(=O)CC4=CC=CC=C4)C(=O)NCC5=CC=C(C=C5)C(=N)N
0.821,Active,TMPRSS2,1.0,0.821,53379392,C1C[C@H](N(C1)C(=O)[C@@H](CCC(=O)N2CCN(CC2)C3=NC=CC=N3)NS(=O)(=O)CC4=CC=CC=C4)C(=O)NCC5=CC=C(C=C5)C(=N)N
0.838,Active,TMPRSS2,1.0,0.838,56683657,C1C[C@H](N(C1)C(=O)[C@@H](CC(=O)N2CCN(CC2)C3=NC=CC=N3)NS(=O)(=O)CC4=CC=CC=C4)C(=O)NCC5=CC=C(C=C5)C(=N)N
1.222,Active,TMPRSS2,1.0,1.222,56680339,C1C[C@H](N(C1)C(=O)[C@@H](CCC(=O)N2CCN(CC2)C(=O)OCC3=CC=CC=C3)NS(=O)(=O)CC4=CC=CC=C4)C(=O)NCC5=CC=C(C=C5)C(=N)N
0.02,Active,TMPRSS2,1.0,0.02,0,NC(C1=CC=C(CNC([C@H](C)NC([C@H](N)CCC2=CC=C(C=C2)O)=O)=O)C=C1)=N
0.09,Active,TMPRSS2,1.0,0.09,0,NC(C1=CC=C(CNC([C@H](C)NC([C@H](N)CCC2=CC=CC=C2)=O)=O)C=C1)=N
0.18,Active,TMPRSS2,1.0,0.18,0,NC(C1=CC=C(CNC([C@@H]2CCCN2C([C@H](N)CCC3=CC=CC=C3)=O)=O)C=C1)=N
0.22,Active,TMPRSS2,1.0,0.22,0,NC(C1=CC=C(CNC([C@@H]2CCCN2C([C@H](N)CCCNC(N)=N)=O)=O)C=C1)=N
2.9,Active,TMPRSS2,1.0,2.9,0,NC(C1=CC=C(CNC([C@@H]2CCCN2C([C@H](N)CC3=CC=CC=C3)=O)=O)C=C1)=N
0.06,Active,TMPRSS2,1.0,0.06,0,O=S(CC1=CC=CC=C1)(N[C@H](CCCNC(N)=N)C(N2CCC[C@H]2C(NCC3=C(CN)C=CC(Cl)=C3)=O)=O)=O
2.0,Active,TMPRSS2,1.0,2.0,0,O=S(CC1=CC=CC=C1)(N[C@H](CC(C)C)C(N2CCC[C@H]2C(NCC3=C(CN)C=CC(Cl)=C3)=O)=O)=O
3.3,Active,TMPRSS2,1.0,3.3,0,O=S(CC1=CC=CC=C1)(NCC(N2CCC[C@H]2C(NCC3=C(CN)C=CC(Cl)=C3)=O)=O)=O
3.8,Active,TMPRSS2,1.0,3.8,0,O=S(CC1=CC=CC=C1)(N[C@H](C)C(N2CCC[C@H]2C(NCC3=C(CN)C=CC(Cl)=C3)=O)=O)=O
3.8,Active,TMPRSS2,1.0,3.8,0,O=S(CC1=CC=CC=C1)(N[C@H](C(C)C)C(N2CCC[C@H]2C(NCC3=C(CN)C=CC(Cl)=C3)=O)=O)=O
0.008,Active,TMPRSS2,1.0,0.008,11584729,C1CN(CCC1CCN)C(=O)[C@H](CC2=CC(=CC=C2)C(=N)N)NS(=O)(=O)C3=CC=CC(=C3)NC(=O)CCN
0.18,Active,TMPRSS2,1.0,0.18,446605,COC(=O)C1CCN(CC1)C(=O)[C@H](CC2=CC(=CC=C2)C(=N)N)NS(=O)(=O)C3=CC4=CC=CC=C4C=C3
20.0,Active,TMPRSS2,1.0,20.0,44362312,C1CN(CCC1C(=O)O)C(=O)[C@H](CC2=CC(=CC=C2)C(=N)N)NS(=O)(=O)C3=CC4=CC=CC=C4C=C3
0.73,Active,TMPRSS2,1.0,0.73,44362395,C1CCN(CC1)C(=O)[C@H](CC2=CC(=CC=C2)C(=N)N)NS(=O)(=O)C3=CC4=CC=CC=C4C=C3
0.016,Active,TMPRSS2,1.0,0.016,71495974,C1CN(CCC1CCNC(=O)N)C(=O)[C@H](CC2=CC(=CC=C2)C(=N)N)NS(=O)(=O)C3=CC=CC(=C3)NC(=O)CCN
0.07400000000000001,Active,TMPRSS2,1.0,0.07400000000000001,71495976,C1CN(CCC1NC(=O)N)C(=O)[C@H](CC2=CC(=CC=C2)C(=N)N)NS(=O)(=O)C3=CC=CC(=C3)NC(=O)CCN
0.01,Active,TMPRSS2,1.0,0.01,90666140,CNC(=O)NCCC1CCN(CC1)C(=O)[C@H](CC2=CC(=CC=C2)C(=N)N)NS(=O)(=O)C3=CC=CC(=C3)NC(=O)CCN
0.081,Active,TMPRSS2,1.0,0.081,71495975,CNC(=O)NC1CCN(CC1)C(=O)[C@H](CC2=CC(=CC=C2)C(=N)N)NS(=O)(=O)C3=CC=CC(=C3)NC(=O)CCN
0.011000000000000001,Active,TMPRSS2,1.0,0.011000000000000001,90666141,CCNC(=O)NCCC1CCN(CC1)C(=O)[C@H](CC2=CC(=CC=C2)C(=N)N)NS(=O)(=O)C3=CC=CC(=C3)NC(=O)CCN
0.040999999999999995,Active,TMPRSS2,1.0,0.040999999999999995,71495977,CCNC(=O)NC1CCN(CC1)C(=O)[C@H](CC2=CC(=CC=C2)C(=N)N)NS(=O)(=O)C3=CC=CC(=C3)NC(=O)CCN
0.006999999999999999,Active,TMPRSS2,1.0,0.006999999999999999,89399327,C1CN(CCC1CCNC(=O)NC2=CC=CC=C2)C(=O)[C@H](CC3=CC(=CC=C3)C(=N)N)NS(=O)(=O)C4=CC=CC(=C4)NC(=O)CCN
0.017,Active,TMPRSS2,1.0,0.017,71496201,C1CN(CCC1NC(=O)NC2=CC=CC=C2)C(=O)[C@H](CC3=CC(=CC=C3)C(=N)N)NS(=O)(=O)C4=CC=CC(=C4)NC(=O)CCN
0.022000000000000002,Active,TMPRSS2,1.0,0.022000000000000002,90666142,C1CCC(CC1)NC(=O)NCCC2CCN(CC2)C(=O)[C@H](CC3=CC(=CC=C3)C(=N)N)NS(=O)(=O)C4=CC=CC(=C4)NC(=O)CCN
0.006,Active,TMPRSS2,1.0,0.006,71496089,C1CCC(CC1)NC(=O)NC2CCN(CC2)C(=O)[C@H](CC3=CC(=CC=C3)C(=N)N)NS(=O)(=O)C4=CC=CC(=C4)NC(=O)CCN
0.018000000000000002,Active,TMPRSS2,1.0,0.018000000000000002,90666143,C1CN(CCC1CCNC(=O)NCC2=CC=CC=C2)C(=O)[C@H](CC3=CC(=CC=C3)C(=N)N)NS(=O)(=O)C4=CC=CC(=C4)NC(=O)CCN
0.021,Active,TMPRSS2,1.0,0.021,71496202,C1CN(CCC1NC(=O)NCC2=CC=CC=C2)C(=O)[C@H](CC3=CC(=CC=C3)C(=N)N)NS(=O)(=O)C4=CC=CC(=C4)NC(=O)CCN
0.0009,Active,TMPRSS2,1.0,0.0009,50939649,C1CN(CCC1CCN)C(=O)[C@H](CC2=CC(=CC=C2)C(=N)N)NS(=O)(=O)C3=CC=CC(=C3)C4=C(C=C(C=C4)Cl)Cl
0.004,Active,TMPRSS2,1.0,0.004,71495381,CNC(=O)CCCC1CCN(CC1)C(=O)[C@H](CC2=CC(=CC=C2)C(=N)N)NS(=O)(=O)C3=CC=CC(=C3)C4=C(C=C(C=C4)Cl)Cl
0.001,Active,TMPRSS2,1.0,0.001,71495660,COC1=CC(=C(C=C1)C2=CC(=CC=C2)S(=O)(=O)N[C@@H](CC3=CC(=CC=C3)C(=N)N)C(=O)N4CCC(CC4)CCN)OC
0.0045,Active,TMPRSS2,1.0,0.0045,71495659,CNC(=O)CCCC1CCN(CC1)C(=O)[C@H](CC2=CC(=CC=C2)C(=N)N)NS(=O)(=O)C3=CC=CC(=C3)C4=C(C=C(C=C4)OC)OC
0.0027,Active,TMPRSS2,1.0,0.0027,71495661,C1CN(CCC1CCN)C(=O)[C@H](CC2=CC(=CC=C2)C(=N)N)NS(=O)(=O)C3=CC=CC(=C3)C4=C(C(=CC=C4)Cl)Cl
0.019,Active,TMPRSS2,1.0,0.019,71495467,CNC(=O)CCCC1CCN(CC1)C(=O)[C@H](CC2=CC(=CC=C2)C(=N)N)NS(=O)(=O)C3=CC=CC(=C3)C4=C(C(=CC=C4)Cl)Cl
0.0048,Active,TMPRSS2,1.0,0.0048,25181493,COC1=CC=C(C=C1)C2=CC(=CC=C2)S(=O)(=O)NC(CC3=CC(=CC=C3)C(=N)N)C(=O)N4CCC(CC4)CCN
0.0054,Active,TMPRSS2,1.0,0.0054,44569813,C1CN(CCC1CCN)C(=O)C(CC2=CC(=CC=C2)C(=N)N)NS(=O)(=O)C3=CC=CC(=C3)C4=CC=C(C=C4)Cl
0.0073,Active,TMPRSS2,1.0,0.0073,44569811,C1CN(CCC1CCN)C(=O)C(CC2=CC(=CC=C2)C(=N)N)NS(=O)(=O)C3=CC=CC(=C3)C4=CC=CC=C4Cl
0.0078,Active,TMPRSS2,1.0,0.0078,71495466,CCOC1=CC(=C(C=C1)C2=CC(=CC=C2)S(=O)(=O)N[C@@H](CC3=CC(=CC=C3)C(=N)N)C(=O)N4CCC(CC4)CCN)Cl
0.017,Active,TMPRSS2,1.0,0.017,90666139,CCOC1=CC(=C(C=C1)C2=CC(=CC=C2)S(=O)(=O)N[C@@H](CC3=CC(=CC=C3)C(=N)N)C(=O)N4CCC(CC4)CCCC(=O)NC)Cl
0.0089,Active,TMPRSS2,1.0,0.0089,71495766,C1CN(CCC1CCN)C(=O)[C@H](CC2=CC(=CC=C2)C(=N)N)NS(=O)(=O)C3=CC=CC(=C3)C4=CC(=C(C=C4)Cl)Cl
0.036000000000000004,Active,TMPRSS2,1.0,0.036000000000000004,71495765,CNC(=O)CCCC1CCN(CC1)C(=O)[C@H](CC2=CC(=CC=C2)C(=N)N)NS(=O)(=O)C3=CC=CC(=C3)C4=CC(=C(C=C4)Cl)Cl
0.027999999999999997,Active,TMPRSS2,1.0,0.027999999999999997,71495561,C1CN(CCC1CCN)C(=O)[C@H](CC2=CC(=CC=C2)C(=N)N)NS(=O)(=O)C3=CC=CC(=C3)C4=CC=C(C=C4)F
0.07200000000000001,Active,TMPRSS2,1.0,0.07200000000000001,71496204,CNC(=O)CCCC1CCN(CC1)C(=O)[C@H](CC2=CC(=CC=C2)C(=N)N)NS(=O)(=O)C3=CC=CC(=C3)C4=CC=C(C=C4)F
0.027999999999999997,Active,TMPRSS2,1.0,0.027999999999999997,50939651,C1CN(CCC1CCN)C(=O)[C@H](CC2=CC(=CC=C2)C(=N)N)NS(=O)(=O)C3=CC=CC(=C3)C4=CC=CC=C4F
0.04,Active,TMPRSS2,1.0,0.04,71495468,CNC(=O)CCCC1CCN(CC1)C(=O)[C@H](CC2=CC(=CC=C2)C(=N)N)NS(=O)(=O)C3=CC=CC(=C3)C4=CC=CC=C4F
0.07200000000000001,Active,TMPRSS2,1.0,0.07200000000000001,71495560,C1CN(CCC1CCN)C(=O)[C@H](CC2=CC(=CC=C2)C(=N)N)NS(=O)(=O)C3=CC=CC(=C3)C4=CC(=CC=C4)F
0.207,Active,TMPRSS2,1.0,0.207,71495559,CNC(=O)CCCC1CCN(CC1)C(=O)[C@H](CC2=CC(=CC=C2)C(=N)N)NS(=O)(=O)C3=CC=CC(=C3)C4=CC(=CC=C4)F
0.013000000000000001,Active,TMPRSS2,1.0,0.013000000000000001,90666144,CNC(=O)NCCC1CCN(CC1)C(=O)[C@H](CC2=CC(=CC=C2)C(=N)N)NS(=O)(=O)C3=CC=CC(=C3)C4=C(C=C(C=C4)OC)OC
0.011000000000000001,Active,TMPRSS2,1.0,0.011000000000000001,90666145,CNC(=O)NCCC1CCN(CC1)C(=O)[C@H](CC2=CC(=CC=C2)C(=N)N)NS(=O)(=O)C3=CC=CC(=C3)C4=C(C=C(C=C4)Cl)Cl
0.003,Active,TMPRSS2,1.0,0.003,90666146,COC1=CC(=C(C=C1)C2=CC(=CC=C2)S(=O)(=O)N[C@@H](CC3=CC(=CC=C3)C(=N)N)C(=O)N4CCC(CC4)NC(=O)NC5CCCCC5)OC
0.005,Active,TMPRSS2,1.0,0.005,90666147,C1CCC(CC1)NC(=O)NC2CCN(CC2)C(=O)[C@H](CC3=CC(=CC=C3)C(=N)N)NS(=O)(=O)C4=CC=CC(=C4)C5=C(C=C(C=C5)Cl)Cl
0.044000000000000004,Active,TMPRSS2,1.0,0.044000000000000004,0,N=C(C1=CC=C(C=C1)CNC([C@@H]2CCCN2C([C@@H](CCC3=CC=CC=N3)NS(=O)(CC4=CC=CC=C4)=O)=O)=O)N
0.8490000000000001,Active,KLKB1,,,11350400,C1CCC(C1)C2=NCCC3=C2C=C(C=C3)NC(=O)C4=CC5=C(C=C4)C=C(C=C5)C(=N)N
3.33,Active,KLKB1,,,10432907,CC(C)OC1=CC(=CC(=C1)OC2CCCC2)NC(=O)C3=CC4=C(C=C3)C=C(C=C4)C(=N)N
2.43,Active,KLKB1,,,11244460,C1=CC(=CC=C1C(=O)N)NC(=O)C2=CC3=C(C=C2)C=C(C=C3)C(=N)N
1.37,Active,KLKB1,,,11473486,CC(C)OC1=CC=CC(=C1)NC(=O)C2=CC3=C(C=C2)C=C(C=C3)C(=N)N
1.35,Active,KLKB1,,,11188793,CC(C)CC1C2=C(CCN1)C=CC(=C2)NC(=O)C3=CC4=C(C=C3)C=C(C=C4)C(=N)N
0.4,Active,KLKB1,,,11361949,C1CCC(C1)C2C3=C(CCN2)C=CC(=C3)NC(=O)C4=CC5=C(C=C4)C=C(C=C5)C(=N)N
0.23,Active,KLKB1,,,11292119,CC(C)C1C2=C(CCN1)C=CC(=C2)NC(=O)C3=CC4=C(C=C3)C=C(C=C4)C(=N)N
0.436,Active,KLKB1,,,447735,CC(C)C1=NCCC2=C1C=C(C=C2)NC(=O)C3=CC4=C(C=C3)C=C(C=C4)C(=N)N
2.72,Active,KLKB1,,,447734,C1CCC(C1)OC2=CC=CC(=C2)NC(=O)C3=CC4=C(C=C3)C=C(C=C4)C(=N)N
4.3,Active,KLKB1,,,11774107,CC(C)OC1=CC(=CC(=C1)NC(=O)C2=CC3=C(C=C2)C=C(C=C3)C(=N)N)OC(C)C
0.145,Active,KLKB1,,,9799627,CCC1CNCC2=C1C=C(C=C2)NC(=O)C3=CC4=C(C=C3)C=C(C=C4)C(=N)N
0.112,Active,KLKB1,,,11739438,C1CNCC2=C1C=C(C=C2)NC(=O)C3=CC4=C(C=C3)C=C(C=C4)C(=N)N
7.3,Active,KLKB1,,,10578280,CN(C)C(=O)N1CCN(CC1)C(=O)[C@@H](CC2=CC(=CC=C2)C(=N)N)NS(=O)(=O)C3=CC4=CC=CC=C4C=C3
22.0,Active,KLKB1,,,44335601,CC1(C2CCC1(C(=O)C2)CCS(=O)(=O)N[C@H](CC3=CC(=CC=C3)C(=N)N)C(=O)N4CCN(CC4)S(=O)(=O)C)C
5.0,Active,KLKB1,,,10367012,C1CCC(CC1)C(C2CCCCC2)[C@H](C(=O)N3CCC[C@H]3C(=O)NCC4CCC(CC4)N)N
35.0,Active,KLKB1,,,10648370,CN1CCN(CC1)C(=O)[C@@H](CC2=CC(=CC=C2)C(=N)N)NS(=O)(=O)C3=CC4=CC=CC=C4C=C3
0.028,Active,KLKB1,,,44333955,CC(C)(C)[C@H](C(=O)N[C@@H](CC1=CC=CC=C1)C(=O)NC(CC2=CC=C(C=C2)N=C(N)N)C(=O)C(F)(F)F)NC(=O)N3CCOCC3
15.5,Active,KLKB1,,,44333945,CC(C)(C)[C@H](C(=O)NCC(=O)NC(CC1=CC=C(C=C1)N=C(N)N)C(=O)C(F)(F)F)NC(=O)N2CCOCC2
0.5,Active,KLKB1,,,44333957,CC(C)(C)[C@H](C(=O)N[C@@H](C1=CC2=CC=CC=C2C=C1)C(=O)NC(CC3=CC=C(C=C3)N=C(N)N)C(=O)C(F)(F)F)NC(=O)OC45CC6CC(C4)CC(C6)C5
0.004,Active,KLKB1,,,44333986,C1C2CC3CC1CC(C2)(C3)OC(=O)N[C@H](CCC4=CC=CC=C4)C(=O)N[C@@H](CC5=CC=CC=C5)C(=O)NC(CC6=CC=C(C=C6)N=C(N)N)C(=O)C(F)(F)F
0.08900000000000001,Active,KLKB1,,,44333999,CC(C)(C)OC(=O)N[C@H](CC1=CC=CC=C1)C(=O)N[C@@H](C2=CC3=CC=CC=C3C=C2)C(=O)NC(CC4=CC=C(C=C4)N=C(N)N)C(=O)C(F)(F)F
0.005,Active,KLKB1,,,44334001,CC(C)[C@H](C(=O)N[C@@H](CC1=CC=CC=C1)C(=O)NC(CC2=CC=C(C=C2)N=C(N)N)C(=O)C(F)(F)F)NC(=O)OC34CC5CC(C3)CC(C5)C4
0.061,Active,KLKB1,,,9937921,CS(=O)(=O)C1=CC=CC=C1C2=CC(=C(C=C2)NC(=O)C3=CC(=NN3C4=CC=CC(=C4)CN)C(F)(F)F)F.Cl
0.058,Active,KLKB1,,,9915041,C1=CC=C(C(=C1)CN)N2C(=CC(=N2)C(F)(F)F)C(=O)NC3=C(C=C(C=C3)C4=CC=CC=C4S(=O)(=O)N)F
19.0,Active,KLKB1,,,10095093,C1=CC(=CC=C1CC(C(=O)O)NC(=O)CNS(=O)(=O)C2=CC=C(C=C2)C(=N)N)C(=N)N
29.0,Active,KLKB1,,,10767421,CCOC(=O)C(CC1=CC=C(C=C1)C(=N)N)NC(=O)CNS(=O)(=O)C2=CC=C(C=C2)C(=S)N
36.0,Active,KLKB1,,,10718240,C1=CC(=CC(=C1)C(=N)N)CC(C(=O)O)NC(=O)CNS(=O)(=O)C2=CC=C(C=C2)C(=N)N
18.0,Active,KLKB1,,,10695159,CCOC(=O)C(CC1=CC=C(C=C1)C(=N)N)NC(=O)CNS(=O)(=O)C2=CC=C(C=C2)C#N
8.6,Active,KLKB1,,,10435038,CCOC(=O)C(CC1=CC=C(C=C1)C(=N)N)NC(=O)CNS(=O)(=O)C2=CC=C(C=C2)C(=N)N
14.0,Active,KLKB1,,,11798089,CCOC(=O)C(CC1=CC(=CC=C1)C(=N)N)NC(=O)CNS(=O)(=O)C2=CC=C(C=C2)C#N
12.0,Active,KLKB1,,,10624948,CCOC(=O)C(CC1=CC(=CC=C1)C(=N)N)NC(=O)CNS(=O)(=O)C2=CC=C(C=C2)C(=S)N
0.57,Active,KLKB1,,,108040,CS(=O)(=O)O.C1CN=C(N1)NC2=CC=C(C=C2)C(=O)OC3=CC4=C(C=C3)C=C(C=C4)C(=N)N
7.2,Active,KLKB1,,,9895193,CCOC(=O)N1CCN(CC1)C(=O)[C@H](CC2=CC(=CC=C2)C(=N)N)NS(=O)(=O)C3=C(C=C(C=C3C(C)C)C(C)C)C(C)C
0.11,Active,KLKB1,,,9884570,C1=CC=C(C=C1)C2=C(C(=CC=C2)C3=CC4=CC(=C(C=C4N3)F)C(=N)N)O
0.0019,Active,KLKB1,,,447476,C1=CC=C(C=C1)C2=C(C(=CC=C2)C3=CC4=C(N3)C=CC(=C4)C(=N)N)O
0.8,Active,KLKB1,,,445844,C1=CC=C(C=C1)C2=C(C(=CC=C2)C3=CC4=CC(=C(C=C4N3)Cl)C(=N)N)O
1.3,Active,KLKB1,,,135450980,C1=CC=C(C=C1)C2=C(C(=CC=C2)C3=CC4=CC(=C(C=C4N3)O)C(=N)N)O
1.3,Active,KLKB1,,,11824584,C1=CC=C(C=C1)C2=C(C(=CC=C2)C3=CC4=C(N3)C=CC(=C4Cl)C(=N)N)O
4.8,Active,KLKB1,,,10871563,CC1=CC2=C(C=C1C(=N)N)C=C(N2)C3=CC=CC(=C3O)C4=CC=CC=C4
0.6,Active,KLKB1,,,10959252,COC1=C(C=C2C=C(NC2=C1)C3=CC=CC(=C3O)C4=CC=CC=C4)C(=N)N
0.012,Active,KLKB1,,,135453491,C1=CC=C(C(=C1)C2=C(C(=CC(=C2)C(CC(=O)O)C(=O)O)C3=NC4=C(N3)C=C(C=C4)C(=N)N)O)F
0.027000000000000003,Active,KLKB1,,,135559129,COC1=CC=C(C=C1)C2=C(C(=CC(=C2)C(CC(=O)O)C(=O)O)C3=NC4=C(N3)C=C(C=C4)C(=N)N)O
43.0,Active,KLKB1,,,15984063,CCOC(=O)N[C@@H](CCCCN)C(=O)C1=NOC(=N1)CC2=CC=C(C=C2)OCCC3=CC=CC=C3
0.037000000000000005,Active,KLKB1,,,3400921,CN(CC1=CSC(=C1Cl)C(=O)NC2=C(C=C(C=C2OC)Cl)C(=O)NC3=NC=C(C=C3)Cl)C4=NCCO4
1.0,Active,KLKB1,,,16731825,CNCC1=CSC(=C1Cl)C(=O)NC2=C(C=C(C=C2OC)Cl)C(=O)NC3=NC=C(C=C3)Cl
0.045,Active,KLKB1,,,18376720,CNC1=NC=CN1CC2=CSC(=C2Cl)C(=O)NC3=C(C=C(C=C3OC)Cl)C(=O)NC4=NC=C(C=C4)Cl
8.458,Active,KLKB1,,,11237163,C1CC[C@H]([C@H](C1)NC(=O)C2=CC=C(C=C2)N3C=CC=CC3=O)NC(=O)C4=CC5=C(C=C4)C(=CN5)Cl
8.9,Active,KLKB1,,,10275412,COC1=CC=C(C=C1)N2C(=CC(=N2)C(=O)N)C(=O)CC3=C(C=C(C=C3)N4C=CC=CC4=O)F
3.0,Active,KLKB1,,,10117027,CC1=NC=CC(=C1)N2CCC(CC2)N(C)C(=O)CCS(=O)(=O)C3=CC4=C(C=C3)C=C(C=C4)Cl
14.0,Active,KLKB1,,,10391715,C1CN(CCN1C2=CC=CC3=NC(=CN32)CO)C(=O)CCS(=O)(=O)C4=CC5=C(C=C4)C=C(C=C5)Cl
0.0083,Active,KLKB1,,,46899577,C1C[C@H](N(C1)C(=O)[C@@H](CCCN=C(N)N)NS(=O)(=O)CC2=CC=CC=C2)C(=O)NCC3=CC=C(C=C3)C(=N)N
6.218,Active,KLKB1,,,53488415,C1C[C@@H](C(=O)N(C1)CC(=O)N2C[C@@H]3C[C@H](C2)C4=CC=CC(=O)N4C3)NS(=O)(=O)C5=CC6=C(C=C5)C=C(C=C6)Cl
11.0,Active,KLKB1,,,9912771,CN1CCCN(CC1)C2=CC=C(C=C2)C(=O)NC3=C(C=CC=C3O)NC(=O)C4=CC=C(C=C4)OC
0.067,Active,KLKB1,,,56954953,C1[C@H](C(=O)N[C@@H](CC2=CN(CC3=CC=CC(=[N+]3[O-])CN4C=C1N=N4)N=N2)C(=O)NCC5=CC=C(C=C5)C(=N)N)NS(=O)(=O)CC6=CC=CC=C6
0.0252,Active,KLKB1,,,56954620,C1CC(=O)NCC2=CC(=CC=C2)CNC(=O)CC[C@H](NC(=O)[C@@H]1NS(=O)(=O)CC3=CC=CC=C3)C(=O)NCC4=CC=C(C=C4)C(=N)N
0.0101,Active,KLKB1,,,56954952,C1[C@H](C(=O)N[C@@H](CC2=CN(CC3=CC=CC(=N3)CN4C=C1N=N4)N=N2)C(=O)NCC5=CC=C(C=C5)C(=N)N)NS(=O)(=O)CC6=CC=CC=C6
0.0129,Active,KLKB1,,,71719191,C1CN2CCN1CC(=O)NC3=CC=C(C[C@H](C(=O)N[C@@H](CC4=CC(=CC=C4)NC(=O)C2)C(=O)NCC5=CC=C(C=C5)C(=N)N)NS(=O)(=O)CC6=CC=CC=C6)C=C3.C(=O)(C(F)(F)F)O
0.32,Active,KLKB1,,,71720404,C1CN2CCN1CC(=O)NC3=CC=C(C[C@H](C(=O)N[C@@H](CC4=CC=C(C=C4)NC(=O)C2)C(=O)NCC5=CC=C(C=C5)C(=N)N)NS(=O)(=O)CC6=CC=CC=C6)C=C3.C(=O)(C(F)(F)F)O
2.9,Active,KLKB1,,,67155199,CC1=C(C=CC=C1S(=O)(=O)N[C@@H](CNC(=O)C2=CC=C(S2)Cl)C(=O)N3CCN(CC3)C)N4CCCC4=O.Cl
0.009000000000000001,Active,KLKB1,,,73052197,C[C@H]1CCC[C@@H](C2=CC(=NC=C2)C3=C(C=C(C=C3)NC(=O)OC)NC1=O)N4CCC(=CC4=O)C5=C(C(=CC=C5)Cl)F
0.91,Active,KLKB1,,,118721000,C1CC(CCC1CN)C(=O)N[C@@H](CC2=CC=CC=C2)C3=NC=C(N3)C4=CC(=CC=C4)C(=O)N.C(=O)(C(F)(F)F)O
1.902,Active,KLKB1,,,118721002,C1CC(CCC1CN)C(=O)N[C@@H](CC2=CC=CC=C2)C3=NC=C(N3)C4=CC=CC(=C4)CC(=O)N.C(=O)(C(F)(F)F)O
0.02,Active,KLKB1,,,118721004,C1CC(CCC1CN)C(=O)N[C@@H](CC2=CC=CC=C2)C3=NC(=C(N3)Cl)C4=CC=C(C=C4)C(=O)N.C(=O)(C(F)(F)F)O
0.05,Active,KLKB1,,,118721007,C1CC(CCC1CN)C(=O)N[C@@H](CC2=CC=CC=C2)C3=NC=C(N3)C4=CC5=C(C=C4)C(=NN5)N.C(=O)(C(F)(F)F)O
5.023,Active,KLKB1,,,66674764,C1CC(CCC1CN)C(=O)N[C@@H](CC2=CC=CC=C2)C3=CC(=NN3)C4=CC=CC=C4
4.5,Active,KLKB1,,,66674475,C1CC(CCC1CN)C(=O)N[C@@H](CC2=CC=CC=C2)C3=CN=C(N3)C4=CC=CC=C4
1.36,Active,KLKB1,,,118720988,CCOC(=O)CC1=CC=C(C=C1)C2=CN=C(N2)[C@H](CC3=CC=CC=C3)NC(=O)C4CCC(CC4)CN.C(=O)(C(F)(F)F)O
1.17,Active,KLKB1,,,118720989,C1CC(CCC1CN)C(=O)N[C@@H](CC2=CC=CC=C2)C3=NC=C(N3)C4=CC=CC(=C4)C#N.C(=O)(C(F)(F)F)O
1.47,Active,KLKB1,,,118720991,CCOC(=O)CC1=CC(=CC=C1)C2=CN=C(N2)[C@H](CC3=CC=CC=C3)NC(=O)C4CCC(CC4)CN.C(=O)(C(F)(F)F)O
5.54,Active,KLKB1,,,118720992,C1CC(CCC1CN)C(=O)N[C@@H](CC2=CC=CC=C2)C3=NC=C(N3)C4=CC=C(C=C4)S(=O)(=O)N.C(=O)(C(F)(F)F)O
0.002,Active,KLKB1,,,118721009,C1CC(CCC1CN)C(=O)N[C@@H](CC2=CC=CC=C2)C3=NC(=C(N3)F)C4=CC5=C(C=C4)C(=NN5)N.C(=O)(C(F)(F)F)O
3.44,Active,KLKB1,,,66674212,C1CC(CCC1CN)C(=O)N[C@@H](CC2=CC=CC=C2)C3=NC=C(O3)C4=CC=CC=C4
2.217,Active,KLKB1,,,66674351,C1CC(CCC1CN)C(=O)N[C@@H](CC2=CC=CC=C2)C3=NC(=NN3)C4=CC=CC=C4
0.002,Active,KLKB1,,,60154989,CC(C)CC(=O)NC1=CC(=CC(=C1)[C@@H]2C[C@](C3=C(N2)C=CC(=C3)C(=N)N)(C)C4=CC=CC=C4)C5=C(C=C(C=C5)C(=O)N)C(=O)O
0.33,Active,KLKB1,,,118720985,C1CC(CCC1CN)C(=O)N[C@@H](CC2=CC=CC=C2)C3=NC=C(N3)C4=CC=CC=C4.C(=O)(C(F)(F)F)O
1.924,Active,KLKB1,,,118720987,COC(=O)C1=CC=C(C=C1)C2=CN=C(N2)[C@H](CC3=CC=CC=C3)NC(=O)C4CCC(CC4)CN.C(=O)(C(F)(F)F)O
0.22,Active,KLKB1,,,118720996,CNC(=O)C1=CC=C(C=C1)C2=CN=C(N2)[C@H](CC3=CC=CC=C3)NC(=O)C4CCC(CC4)CN.C(=O)(C(F)(F)F)O
0.045,Active,KLKB1,,,118721003,C1CC(CCC1CN)C(=O)N[C@@H](CC2=CC=CC=C2)C3=NC(=C(N3)Br)C4=CC=C(C=C4)C(=O)N.C(=O)(C(F)(F)F)O
0.008,Active,KLKB1,,,118721005,C1CC(CCC1CN)C(=O)N[C@@H](CC2=CC=CC=C2)C3=NC(=C(N3)F)C4=CC=C(C=C4)C(=O)N.C(=O)(C(F)(F)F)O
4.82,Active,KLKB1,,,136402490,C1CC(CCC1CN)C(=O)N[C@@H](CC2=CC=CC=C2)C3=NN(C(=O)N3)C4=CC=CC=C4
0.024,Active,KLKB1,,,86583041,C1CC(CCC1CN)C(=O)N[C@@H](CC2=CC=CC=C2)C3=NC=CC(=C3)C4=CC5=C(C=C4)C(=NN5)N
0.24,Active,KLKB1,,,57976446,COC(=O)NC1=CC=C(C=C1)C2=CN=C(N2)[C@H](CC3=CC=CC=C3)NC(=O)/C=C/C4=C(C=CC(=C4)Cl)N5C=NN=N5
0.005,Active,KLKB1,,,11684611,C1CC(CCC1CN)C(=O)N[C@@H](CC2=CC=CC=C2)C3=NC(=C(N3)Cl)C4=CC5=C(C=C4)C(=NN5)N
0.041,Active,KLKB1,,,57976444,C1=CC=C(C=C1)C[C@@H](C2=NC(=C(N2)Cl)C3=CC4=C(C=C3)C(=NN4)N)NC(=O)/C=C/C5=C(C=CC(=C5)Cl)N6C=NN=N6
0.006999999999999999,Active,KLKB1,,,77108442,CN1CCN(CC1)C(=O)C[C@@H](C2=NC(=C(N2)Cl)C3=CC4=C(C=C3)NC(=O)C=C4O)NC(=O)/C=C/C5=C(C=CC(=C5)Cl)N6C=NN=N6
0.05,Active,KLKB1,,,57842812,CCS(=O)(=O)C1=C2CNC(=O)[C@@H](C3=CC=C(CCCC(=O)NC(=C2)C=C1)C=C3)NC4=CC=C(C=C4)C(=N)N
1.7,Active,KLKB1,,,57842913,CCS(=O)(=O)C1=C2CNC(=O)[C@@H](C3=CC(=C(CCCC(=O)NC(=C2)C=C1)C=C3)C)NC4=CC5=C(C=C4)C(=NC=C5)N
0.02,Active,KLKB1,,,53345655,C1CNCCC1CC[C@@H](C(=O)NCC2=CC=C(C=C2)C(=N)N)NC(=O)[C@@H](C3=CC=CC=C3)NS(=O)(=O)CC4=CC=CC=C4
0.018000000000000002,Active,KLKB1,,,89843696,C1CCNC(=O)C2=CC(=CC=C2)C(=O)NCCCC[C@H](NC(=O)[C@@H](C1)NS(=O)(=O)CC3=CC=CC=C3)C(=O)NCC4=CC=C(C=C4)C(=N)N
0.012,Active,KLKB1,,,90145679,C1[C@H](C(=O)N[C@@H](CC2=CN(CC3=CC=C(CN4C=C1N=N4)C=C3)N=N2)C(=O)NCC5=CC=C(C=C5)C(=N)N)NS(=O)(=O)CC6=CC=CC=C6
0.0094,Active,KLKB1,,,56954835,C1/C=C\COC2=CC=C(C[C@H](NC(=O)[C@@H](CC3=CC=C(O1)C=C3)NS(=O)(=O)CC4=CC=CC=C4)C(=O)NCC5=CC=C(C=C5)C(=N)N)C=C2
0.32,Active,KLKB1,,,134151630,C1CN2CCN1CC(=O)NC3=CC=C(C[C@@H](C(=O)N[C@H](CC4=CC=C(C=C4)NC(=O)C2)C(=O)O)NS(=O)(=O)CC5=CC=CC=C5)C=C3
0.27,Active,KLKB1,,,25166810,C1=CC=C(C=C1)C[C@@H](C(=O)NC2=CC=CC(=C2)C(=O)O)NC(=O)/C=C/C3=C(C=CC(=C3)Cl)N4C=NN=N4
0.023,Active,KLKB1,,,59402039,C1=CC=C(C=C1)C[C@@H](C(=O)NC2=CC=C(C=C2)C3=NNN=N3)NC(=O)/C=C/C4=C(C=CC(=C4)Cl)N5C=NN=N5
0.12,Active,KLKB1,,,127029803,C1=CC=C(C=C1)C[C@@H](C(=O)NC2=CC=C(C=C2)C3=NC=NN3)NC(=O)/C=C/C4=C(C=CC(=C4)Cl)N5C=NN=N5
0.036000000000000004,Active,KLKB1,,,136003658,C1=CC=C(C=C1)C[C@@H](C(=O)NC2=CC=C(C=C2)C3=NOC(=O)N3)NC(=O)/C=C/C4=C(C=CC(=C4)Cl)N5C=NN=N5
0.02,Active,KLKB1,,,59402077,C1=CC=C(C=C1)C[C@@H](C(=O)NC2=CC=C(C=C2)C3=NNC(=O)O3)NC(=O)/C=C/C4=C(C=CC(=C4)Cl)N5C=NN=N5
0.024,Active,KLKB1,,,59401943,C1=CC=C(C=C1)C[C@@H](C(=O)NC2=CC3=C(C=C2)C(=NN3)N)NC(=O)/C=C/C4=C(C=CC(=C4)Cl)N5C=NN=N5
0.11,Active,KLKB1,,,59402011,C1=CC=C(C=C1)C[C@@H](C(=O)NCCC2=C(C=CC(=C2)Cl)N3C=NN=N3)NC(=O)C4=CC5=C(C=C4)NC(=O)C=C5O
0.24,Active,KLKB1,,,59402125,C1=CC=C(C=C1)C[C@@H](C(=O)NC2=CC=C(C=C2)N3C=NN=N3)NC(=O)/C=C/C4=C(C=CC(=C4)Cl)N5C=NN=N5
0.028,Active,KLKB1,,,54741583,C1=CC=C(C=C1)C[C@@H](C(=O)NC2=CC3=C(C=C2)NC(=O)C=C3O)NC(=O)/C=C/C4=C(C=CC(=C4)Cl)N5C=NN=N5
0.122,Active,KLKB1,,,25166809,C1=CC=C(C=C1)C[C@@H](C(=O)NC2=CC=C(C=C2)C(=O)O)NC(=O)/C=C/C3=C(C=CC(=C3)Cl)N4C=NN=N4
0.13,Active,KLKB1,,,25166807,C1=CC=C(C=C1)C[C@@H](C(=O)NC2=CC=C(C=C2)C(=O)N)NC(=O)/C=C/C3=C(C=CC(=C3)Cl)N4C=NN=N4
0.059,Active,KLKB1,,,127027635,CN1CCN(CC1)C(=O)NC2=CC=C(C=C2)C[C@@H](C(=O)NC3=CC=C(C=C3)C(=O)O)NC(=O)/C=C/C4=C(C=CC(=C4)Cl)N5C=NN=N5
0.055,Active,KLKB1,,,127027636,CN1CCN(CC1)C(=O)NC2=CC=C(C=C2)C[C@@H](C(=O)NC3=CC=C(C=C3)C(=O)O)NC(=O)/C=C/C4=C(C=CC(=C4F)Cl)N5C=NN=N5
0.12,Active,KLKB1,,,25167018,COC(=O)NC1=CC=C(C=C1)NC(=O)[C@H](CC2=CC=CC=C2)NC(=O)/C=C/C3=C(C=CC(=C3)Cl)N4C=NN=N4
0.34,Active,KLKB1,,,59401978,COC(=O)NC1=CC=C(C=C1)C(=O)N[C@@H](CC2=CC=CC=C2)C(=O)NCCC3=C(C=CC(=C3)Cl)N4C=NN=N4
0.17,Active,KLKB1,,,25166808,C1=CC=C(C=C1)C[C@@H](C(=O)NC2=CC=C(C=C2)C#N)NC(=O)/C=C/C3=C(C=CC(=C3)Cl)N4C=NN=N4
0.046,Active,KLKB1,,,59402220,C1=CC=C(C=C1)C[C@@H](C(=O)NC2=CC=C(C=C2)C(=O)O)NC(=O)/C=C/C3=C(C=CC(=C3F)Cl)N4C=NN=N4
0.15,Active,KLKB1,,,127029802,C1=CC=C(C=C1)C[C@@H](C(=O)NC2=CC=C(C=C2)C3=NC=CN3)NC(=O)/C=C/C4=C(C=CC(=C4)Cl)N5C=NN=N5
0.042,Active,KLKB1,,,118987013,COC(=O)NC1=CC=C(C=C1)C2=CC(=NC=C2)[C@H](CC3=CC=CC=C3)NC(=O)C4CCC(CC4)CN
0.55,Active,KLKB1,,,127031390,C1CC(CCC1CN)C(=O)N[C@@H](CC2=CC=CC=C2)C3=NC=CC(=C3)C4=CC5=C(C=C4)NNC5=O
1.85,Active,KLKB1,,,57976410,COC(=O)NC1=CC=C(C=C1)C2=CC(=NC=C2)[C@H](CC3=CC=CC=C3)NC(=O)/C=C/C4=C(C=CC(=C4)Cl)N5C=NN=N5
0.52,Active,KLKB1,,,72551247,C[C@H]1COC(=O)NC2=CC(=C(C=C2)S(=O)(=O)C3CC3)CN(C(=O)[C@@H](C4=CC(=C1C=C4)C)NC5=CC6=C(C=C5)C(=NC=C6F)N)C
0.00056,Active,KLKB1,,,134156310,C[C@H]1CCC[C@H](C2=NC(=C(N2)Cl)C3=C(C=C(C=C3)NC(=O)OC)NC1=O)N4CCC(=CC4=O)C5=C(C=CC(=C5F)Cl)F
0.02157,Active,KLKB1,,,134156074,C[C@H]1CCC[C@H](C2=CC=CC(=C2)C3=C(C=C(C=C3)NC(=O)OC)NC1=O)N4CCC(=CC4=O)C5=C(C=CC(=C5F)Cl)Br
0.013,Active,KLKB1,,,134147029,C[C@H]1CCC[C@H](C2=NC=CC(=C2)C3=C(C=C(C=C3)NC4=NN=C(O4)C5=CC=CO5)NC1=O)N6CCC(=CC6=O)C7=C(C=CC(=C7F)Cl)F
0.2708,Active,KLKB1,,,137303216,C[C@H]1CCC[C@H](C2=NC=CC(=C2)N3C(=CC(=N3)NC(=O)OC)NC1=O)N4CCC(=CC4=O)C5=C(C=CC(=C5F)Cl)F
1.317,Active,KLKB1,,,137303208,C[C@H]1CCC[C@H](C2=NC=CC(=C2)C3=C(NC1=O)NN=C3)N4CCC(=CC4=O)C5=C(C=CC(=C5F)Cl)F
0.5012,Active,KLKB1,,,137283385,C[C@H]1CCC[C@H](C2=NC=CC(=C2)N3C(=CC(=N3)C(=O)O)NC1=O)N4CCC(=CC4=O)C5=C(C=CC(=C5F)Cl)F
0.1249,Active,KLKB1,,,134133778,C[C@H]1CCC[C@H](C2=CC=CC(=C2)C3=CC=CC=C3NC1=O)N4CCC(=CC4=O)C5=C(C=CC(=C5F)Cl)F
0.0039,Active,KLKB1,,,134135078,C[C@@H](CCC[C@H](C1=NC=C(N1)C2=CN=CN=C2)N3CCC(=CC3=O)C4=C(C=CC(=C4F)Cl)F)C(=O)NC5=CC(=CC=C5)NC(=O)OC
0.006,Active,KLKB1,,,90060547,CC1CCC[C@@H](C2=NC=CC(=C2)C3=C(C=C(C=C3)C4=NC=NN4)NC1=O)N5CCC(=CC5=O)C6=C(C=CC(=C6F)Cl)Br
6.046,Active,KLKB1,,,134134823,C[C@H]1CCC[C@H](C2=NC=CC(=C2)C3=C(C=CC(=C3)C#N)NC1=O)N4CCC(=CC4=O)C5=C(C=CC(=C5F)C#N)F
0.1464,Active,KLKB1,,,137314328,C[C@H]1CCC[C@H](C2=NC=CC(=C2)N3C(=CC(=N3)C4CC4)NC1=O)N5CCC(=CC5=O)C6=C(C=CC(=C6F)Cl)F
0.003,Active,KLKB1,,,134134067,C[C@H]1CCC[C@H](C2=NC(=CC(=C2)C3=C(C=C(C=C3)NC(=O)OC)NC1=O)OC)N4CCC(=CC4=O)C5=NC=CC(=C5F)Cl
0.3622,Active,KLKB1,,,134135597,C[C@H]1CCC[C@H](C2=NC=CC(=C2)C3=C(C=C(C=C3)NC(=O)OC)NC1=O)N4CCC(=CC4=O)C5=C(C(=CC=C5)OC)F
0.7388,Active,KLKB1,,,134136822,C[C@H]1CCC[C@H](C2=NC=CC(=C2)C3=C(C=C(C=C3)NC(=O)OC)NC1=O)N4CCC(=CC4=O)C5=CC=CC=C5OC
0.001,Active,KLKB1,,,134136696,C[C@H]1CCC[C@H](C2=NC=CC(=C2)C3=C(C=C(C=C3)NC(=O)OC)NC1=O)N4CCC(=CC4=O)C5=NC=CC(=C5F)Cl
0.01431,Active,KLKB1,,,134142878,C[C@H]1CCC[C@H](C2=NC=CC(=C2)C3=C(C=C(C=C3)NC(=O)OC)NC1=O)N4CCC(=CC4=O)C5=C(C=CC(=C5F)Cl)C6=NNN=C6
1.027,Active,KLKB1,,,134140246,C[C@H]1CCC[C@H](C2=NC=CC(=C2)C3=C(C=C(C=C3)NC(=O)OC)NC1=O)N4CC(=CC4=O)C5=C(C=CC(=C5F)Cl)F
0.00179,Active,KLKB1,,,134131797,C[C@H]1CCC[C@H](C2=NC=CC(=C2)C3=C(C=C4C(=C3)C(=CC(=O)N4)O)NC1=O)N5CCC(=CC5=O)C6=C(C=CC(=C6F)Cl)F
0.1175,Active,KLKB1,,,134131751,C[C@H]1CCC[C@H](C2=NC=CC(=C2)C3=C(C=C(C=C3)NC(=O)OC)NC1=O)N4CCC(=CC4=O)C5=CC(=NC=C5)N
0.014,Active,KLKB1,,,134141147,C[C@H]1CCC[C@H](C2=NC=CC(=C2)C3=C(C=C(C=C3)NC(=O)OC)NC1=O)N4C(=O)C=C(C=N4)C5=C(C=CC(=C5F)Cl)F
0.001,Active,KLKB1,,,134141424,C[C@H]1CCC[C@H](C2=CC(=NC=C2)C3=C(C=C(C=C3)NC4=NN=C(O4)C)NC1=O)N5CCC(=CC5=O)C6=C(C=CC(=C6F)Cl)F
0.108,Active,KLKB1,,,134157554,C[C@H]1CCC[C@H](C2=NC=CC(=C2)C3=C(C=C(C=C3)NC(=O)OC)NC1=O)N4CCC(=CC4=O)C5=NC(=CC=C5)Cl
0.007759999999999999,Active,KLKB1,,,134155522,C[C@H]1CCC[C@H](C2=NC=CC(=C2)C3=C(C=C(C=C3)NC(=O)OC)NC1=O)N4CC=C(CC4=O)C5=C(C=CC(=C5F)Cl)F
0.00111,Active,KLKB1,,,134155754,C[C@H]1CCC[C@H](C2=NC=CC(=C2)C3=C(C=C(C=C3)NC(=O)OC)NC1=O)N4CCC(=CC4=O)C5=C(C=CC(=C5F)Br)F
2.402,Active,KLKB1,,,134151007,C[C@H]1CCC[C@H](C2=NC=CC(=C2)C3=C(C=C(C=C3)NC(=O)OC)NC1=O)N4CCC(=CC4=O)C5=CC(=CN=C5)Cl
0.35100000000000003,Active,KLKB1,,,134148790,C[C@H]1CCC[C@H](C2=NC=CC(=C2)C3=CC=CC=C3NC1=O)N4CCC(=CC4=O)C5=C(C=CC(=C5F)Cl)C6=CC=CC=C6
0.003,Active,KLKB1,,,134150160,C[C@H]1CCC[C@H](C2=NC=CC(=C2)C3=C(C=C(C=C3)NC(=O)OC)NC1=O)N4C(=O)C=C(C=N4)C5=C(C=CC(=C5F)Cl)C#N
0.036000000000000004,Active,KLKB1,,,134146479,C[C@H]1CCC[C@H](C2=NC=CC(=C2)C3=C(C=C(C=C3)NC(=O)OC)NC1=O)N4CCC(=CC4=O)C5CCCCC5
0.173,Active,KLKB1,,,134147507,C[C@H]1CCC[C@H](C2=NC(=CC(=C2)C3=C(C=C(C=C3)NC(=O)OC)NC1=O)OC)N4CCC(=CC4=O)C5=C(C=CC6=C5NN=C6N)C#N
0.01,Active,KLKB1,,,134151930,C[C@H]1CCC[C@H](C2=NC=CC(=C2)C3=C(C=C(C=C3)NC(=O)OC)NC1=O)N4CCC(=CC4=O)C5=C(C=CC(=C5F)Cl)OC
0.006999999999999999,Active,KLKB1,,,134144854,C[C@H]1CCC[C@H](C2=NC=CC(=C2)C3=C(C=C4C(=C3)C(=C(N4)C)C(=O)O)NC1=O)N5CCC(=CC5=O)C6=C(C=CC(=C6F)Cl)F
0.046,Active,KLKB1,,,134157164,C[C@H]1CCC[C@H](C2=NC(=CC(=C2)C3=C(C=C(C=C3)NC(=O)OC)NC1=O)OC)N4CCC(=CC4=O)C5=C(C=CC6=C5ON=C6N)C#N
0.003,Active,KLKB1,,,134153912,C[C@H]1CCC[C@H](C2=NC=CC(=C2)C3=C(C=C(C=C3)N)NC1=O)N4C=CC(=CC4=O)C5=C(C=CC(=C5F)Cl)F
9.471,Active,KLKB1,,,134154080,C[C@H]1CCC[C@@H](C2=CC=CC(=C2)C3=C(C=CC(=C3)C(=O)OC)NC1=O)N4CCC(=CC4=O)C5=C(C=CC(=C5F)Cl)F
0.003,Active,KLKB1,,,134138971,C[C@H]1CCC[C@H](C2=CC(=NC=C2)C3=C(C=C(C=C3)NC(=O)OC)NC1=O)N4CCC(=CC4=O)C5=C(C=CC(=C5F)Cl)OC(F)F
0.2123,Active,KLKB1,,,134155530,COC(=O)NC1=CC2=C(C=C1)C3=CC(=NC=C3)[C@H](C/C=C\CCNC2=O)N4CCC(=CC4=O)C5=C(C=CC(=C5F)Cl)F
0.067,Active,KLKB1,,,134154863,C[C@H]1/C=C\C[C@H](C2=NC=CC(=C2)C3=C(C=C(C=C3)NC(=O)OC)NC1=O)N4CCC(=CC4=O)C5=C(C=CC(=C5F)Cl)F
0.00773,Active,KLKB1,,,134155453,C[C@H]1CCC[C@H](C2=CC=CC(=C2)C3=C(C=CC(=C3)C(=O)OC)NC1=O)N4CCC(=CC4=O)C5=C(C=CC(=C5F)Cl)C#N
0.02008,Active,KLKB1,,,134147267,C[C@H]1CCC[C@H](C2=CC=CC(=C2)C3=C(C=CC(=C3)C(=O)O)NC1=O)N4CCC(=CC4=O)C5=C(C=CC(=C5F)Cl)Br
0.03758,Active,KLKB1,,,134147669,C[C@H]1CCC[C@H](C2=NC=CC(=C2)C3=C(C=C(C=C3)NC4[C@H]([C@@H]([C@H]([C@@H](O4)CO)O)O)O)NC1=O)N5CCC(=CC5=O)C6=C(C=CC(=C6F)Cl)F
1.916,Active,KLKB1,,,134152275,C[C@H]1CCC[C@H](C2=CC=CC(=C2)C3=C(C=CC(=C3)C(=O)OC)NC1=O)N4CCC(=CC4=O)C5=C(C=CC(=C5F)C#N)C#N
0.00325,Active,KLKB1,,,134147912,C[C@H]1CCC[C@H](C2=NC=CC(=C2)C3=C(C=C(C=C3)NC(=O)OC)NC1=O)N4CCC(=CC4=O)C5=C(C=CC(=C5F)C)F
0.00391,Active,KLKB1,,,134149037,C[C@H]1CCC[C@H](C2=NC=CC(=C2)C3=C(C=C(C=C3)NC(=O)OC)NC1=O)N4CCC(=CC4=O)C5=C(C=CC(=C5)Cl)C
0.303,Active,KLKB1,,,134146449,C[C@H]1CCC[C@H](C2=NC(=CC(=C2)C3=C(C=C(C=C3)NC(=O)OC)NC1=O)OC)N4CCC(=CC4=O)C5=NC=CC(=C5OC)Cl
0.02382,Active,KLKB1,,,134151531,C[C@H]1CCC[C@H](C2=NC(=C(N2)C)C3=C(C=C(C=C3)NC(=O)OC)NC1=O)N4CCC(=CC4=O)C5=C(C(=CC=C5)Cl)F
0.01,Active,KLKB1,,,134151814,C[C@H]1CCC[C@H](C2=NC(=CC(=C2)C3=C(C=C(C=C3)NC(=O)OC)NC1=O)OC)N4CCC(=CC4=O)C5=C(C=CC(=C5F)C#N)C#N
0.0474,Active,KLKB1,,,134151785,C[C@H]1CCC[C@H](C2=NC=CC(=C2)C3=C(C=NC=C3)NC1=O)N4CCC(=CC4=O)C5=C(C=CC(=C5F)Cl)F
0.297,Active,KLKB1,,,134146540,C[C@H]1CCC[C@H](C2=NC=CC(=C2)C3=CC=CC=C3NC1=O)N4CCC(=CC4=O)C5=C(C=CC(=C5F)Cl)NC(=O)C
0.008,Active,KLKB1,,,134148981,C[C@H]1CCC[C@H](C2=NC=CC(=C2)C3=CC=CC=C3NC1=O)N4CCC(=CC4=O)C5=C(C=CC(=C5F)Cl)F
0.238,Active,KLKB1,,,134148353,C[C@H]1CCC[C@H](C2=NC=CC(=C2)C3=CC=CC=C3NC1=O)N4CCC(=CC4=O)C5=C(C=CC(=C5)Cl)N6C=NC(=N6)C
3.249,Active,KLKB1,,,134143310,C[C@H]1CCC[C@H](C2=NC=CC(=C2)C3=C(C=C(C=C3)NC(=O)OC)NC1=O)N4CCC(=CC4=O)C5=CC(=NC=C5)Cl
0.005,Active,KLKB1,,,134142590,C[C@H]1CCC[C@H](C2=NC=CC(=C2)C3=C(C=C(C=C3)NC(=O)OC)NC1=O)N4C(=O)C=C(C=N4)C5=C(C=CC(=C5F)Cl)Br
0.001,Active,KLKB1,,,134142099,C[C@H]1CCC[C@H](C2=NC=CC(=C2)C3=C(C=C(C=C3)NC4=NN=C(O4)C)NC1=O)N5CCC(=CC5=O)C6=C(C=CC(=C6F)Cl)F
0.01925,Active,KLKB1,,,134151447,C[C@H]1CCC[C@H](C2=CC(=CC(=C2)C3=C(C=C(C=C3)NC(=O)OC)NC1=O)F)N4CCC(=CC4=O)C5=C(C=CC(=C5F)Cl)C(=O)C
0.016,Active,KLKB1,,,134139385,C[C@H]1CCC[C@H](C2=NC=CC(=C2)C3=C(C=C4C(=C3)CC(=O)N4)NC1=O)N5CCC(=CC5=O)C6=C(C=CC(=C6F)Cl)F
0.028710000000000006,Active,KLKB1,,,134143433,C[C@H]1CCC[C@H](C2=NC=CC(=C2)C3=C(C=CC=C3F)NC1=O)N4C=CC(=CC4=O)C5=C(C=CC(=C5F)Cl)F
0.003,Active,KLKB1,,,134142459,C[C@H]1CCC[C@H](C2=NC=CC(=C2)C3=C(C=C(C=C3)NC4=NC=CC=N4)NC1=O)N5C=CC(=CC5=O)C6=C(C=CC(=C6F)Cl)F
0.00646,Active,KLKB1,,,134143158,C[C@H]1CCC[C@H](C2=NC=CC(=C2)C3=CC(=C(C=C3NC1=O)F)F)N4CCC(=CC4=O)C5=C(C=CC(=C5F)Cl)C#N
10.9,Active,KLKB1,,,134140198,C[C@H]1CCC[C@H](C2=NC=CC(=C2)C3=C(C=C(C=C3)NC(=O)OC)NC1=O)N4CCC(=CC4=O)C5CCCCN5C
0.00251,Active,KLKB1,,,134140184,C[C@H]1CCC[C@H](C2=NC=CC(=C2)C3=C(C=CC(=C3)F)NC1=O)N4CCC(=CC4=O)C5=C(C=CC(=C5F)Cl)N6C=NN=N6
0.018000000000000002,Active,KLKB1,,,134140404,C[C@H]1CCC[C@H](C2=C/C(=C\3/C=CC(=CC3=NC1=O)N)/C=CN2O)N4CCC(=CC4=O)C5=C(C=CC(=C5F)Cl)F
0.02316,Active,KLKB1,,,134139791,C[C@H]1CCC[C@H](C2=NC=CC(=C2)C3=C(C=CC(=C3)F)NC1=O)N4CCC(=CC4=O)C5=C(C=CC(=C5)Cl)N6C=CN=N6
0.02746,Active,KLKB1,,,134135511,C[C@H]1CCC[C@H](C2=NC=CC(=C2)C3=CC(=C(C=C3NC1=O)F)F)N4CCC(=CC4=O)C5=C(C=CC(=C5F)Cl)Br
0.035,Active,KLKB1,,,134157610,C[C@H]1CCC[C@H](C2=CC(=NC=C2)C3=C(C=NN3C)NC1=O)N4C=NC(=CC4=O)C5=C(C=CC(=C5)Cl)N6C=C(N=N6)C(=O)O
0.01,Active,KLKB1,,,134150043,C[C@H]1CCC[C@H](C2=NC=CC(=C2)C3=NN(C=C3NC1=O)C4=CN=CC=C4)N5C=NC(=CC5=O)C6=C(C=CC(=C6)Cl)N7C=C(N=N7)Cl
0.032,Active,KLKB1,,,134155174,C[C@H]1CCC[C@H](C2=NC=CC(=C2)C3=C(C=NN3C)NC1=O)N4C=NC(=CC4=O)C5=C(C=CC(=C5)Cl)N6C=C(N=N6)C(F)(F)F
,Inconclusive,KLKB1,,,44434815,C1[C@@H]([C@@H](CO1)NC(=O)C2=CC=C(S2)Cl)NC(=O)C3=CC=C(C=C3)N4C=CC=CC4=O
97.0,Inactive,KLKB1,,,44335624,CC1=C(C(=C(C2=C1OC(CC2)(C)C)C)S(=O)(=O)N[C@H](CC3=CC(=CC=C3)C(=N)N)C(=O)N4CCN(CC4)S(=O)(=O)C)C
58.0,Inactive,KLKB1,,,10816339,CS(=O)(=O)N1CCN(CC1)C(=O)[C@@H](CC2=CC(=CC=C2)C(=N)N)NS(=O)(=O)C3=CC4=CC=CC=C4C=C3
1000.0,Inactive,KLKB1,,,44347477,C1C[C@H](N(C1)C(=O)CC(C2=CC=CC=C2)C3=CC=NC=C3)C(=O)NCC4CCC(CC4)N.C(=O)(C(F)(F)F)O
476.0,Inactive,KLKB1,,,44347479,C1C[C@H](N(C1)C(=O)CC(C2=CC=CC=C2)C3=CN=CC=C3)C(=O)NCC4CCC(CC4)N.C(=O)(C(F)(F)F)O
767.0,Inactive,KLKB1,,,44347533,C1C[C@H](N(C1)C(=O)CC(C2=CC=CC=C2)C3=CC=CC=N3)C(=O)NCC4CCC(CC4)N.C(=O)(C(F)(F)F)O
1000.0,Inactive,KLKB1,,,44347623,C1C[C@H](N(C1)C(=O)CC(C2=CC3=C(C=C2)OCO3)C4=CN=CC=C4)C(=O)NCC5CCC(CC5)N.C(=O)(C(F)(F)F)O
775.0,Inactive,KLKB1,,,45264998,C1C[C@H](N(C1)C(=O)CC2C3=CC=CC=C3C=CC4=CC=CC=C24)C(=O)NCC5CCC(CC5)N.Cl
1000.0,Inactive,KLKB1,,,44347573,C1C[C@H](N(C1)C(=O)CC(C2=CC=CC=C2)C3=CC=CC=C3)C(=O)NCC4CCC(CC4)N.C(=O)(C(F)(F)F)O
170.0,Inactive,KLKB1,,,45261772,C1CCC(CC1)C(CC(=O)N2CCC[C@H]2C(=O)NCC3CCC(CC3)N)C4CCCCC4.Cl
20.0,Active,KLKB1,,,9956559,CC1=CC=C(C(=O)N1CC(=O)NCC2CCN(CC2)C(=N)N)NS(=O)(=O)CC3=CC=CC=C3
586.0,Inactive,KLKB1,,,10669349,C1CCC(CC1)[C@H](C(=O)N2CCC[C@H]2C(=O)NCC3=C(C=CC(=C3)Cl)Cl)N
399.0,Inactive,KLKB1,,,10744643,CCN(CC)C(=O)CN[C@H](C1CCCCC1)C(=O)N2CCC[C@H]2C(=O)NCC3=C(C=CC(=C3)Cl)Cl
79.0,Inactive,KLKB1,,,10529121,C1CCC(CC1)[C@H](C(=O)N2CCC[C@H]2C(=O)NCC3=C(C=CC(=C3)Cl)OCC(=O)NC4CC4)N
50.0,Inactive,KLKB1,,,44394250,CCCC(C(=O)C(=O)N[C@H](C)C1=CC=CC=C1)NC(=O)[C@@H]2C3CCCC3CN2C(=O)[C@H](C(C)(C)C)NC(=O)[C@H](C4CCCCC4)NC(=O)C5=NC=CN=C5
50.0,Inactive,KLKB1,,,3011892,CC(C)(C)[C@@H](C(=O)N1CC2CCCC2[C@H]1C(=O)NC(CC(F)F)C(=O)C(=O)NC3CC3)NC(=O)[C@H](C4CCCCC4)NC(=O)C5=NC=CN=C5
50.0,Inactive,KLKB1,,,73350210,CCC[C@@H](C(=O)C(=O)NC1CC1)NC(=O)[C@@H]2C3CCCC3CN2C(=O)[C@H](C(C)(C)C)NC(=O)[C@H]([C@@H](C)OC)NC(=O)C4=NC=CN=C4
50.0,Inactive,KLKB1,,,73347119,CCC[C@@H](C(=O)C(=O)NC1CC1)NC(=O)[C@@H]2C3CCCC3CN2C(=O)[C@H](C(C)(C)C)NC(=O)[C@H]([C@@H](C)CC)NC(=O)C4=NC=CN=C4
19.4,Active,KLKB1,,,11720955,CC1=CC2=C(O1)C=CC(=C2)N/C(=C(/C#N)\C(=O)OCCCCO)/N[C@H]3CCCCN(C3=O)CC(=O)N4CCCC4
2.3,Active,KLKB1,,,10143532,CN(C)CC1=CC=CC=C1C2=CC(=C(C=C2)NC(=O)C3=CC(=NN3C4=CC5=C(C=C4)ON=C5N)C(F)(F)F)F
2.3,Active,KLKB1,,,204102,CN(C)CC1=NC=CN1C2=CC(=C(C=C2)NC(=O)C3=CC(=NN3C4=CC5=C(C=C4)ON=C5N)C(F)(F)F)F
83.0,Inactive,KLKB1,,,45263389,C1=CC(=CC=C1CC2=NC(=NO2)C(=O)[C@H](CCCCN)NC(=O)C3=CC(=C(C=C3)F)F)OCCC4=CC(=C(C=C4)Cl)Cl.Cl
2.8,Active,KLKB1,,,6914623,C1CN(C[C@@H]1O)CC2=CC=CC=C2C3=CC=C(C=C3)N4CCC5=C(C4=O)N(N=C5C(F)(F)F)C6=CC7=C(C=C6)ON=C7N
10.0,Active,KLKB1,,,11351302,C1CCN(C(=O)C1)C2=CC=C(C=C2)C(=O)N[C@H]3CCC[C@H]3NC(=O)C4=CC=C(S4)Cl
16.0,Active,KLKB1,,,9954980,C1C[C@@H]([C@@H](C1)NC(=O)C2=CC=C(S2)Cl)NC(=O)C3=CC=C(C=C3)N4C=CC=CC4=O
10.0,Active,KLKB1,,,44432538,C1CCN(C1)CC2(CC2)C3=CC=C(C=C3)C(=O)N[C@H]4CCC[C@H]4NC(=O)C5=CC=C(S5)Cl
6.0,Active,KLKB1,,,24180463,CCOC(=O)N1C[C@@H]([C@@H](C1)NC(=O)C2=CC=C(S2)Cl)NC(=O)C3=CC=C(C=C3)N4C=CC=CC4=O
10.8,Active,KLKB1,,,44434835,CCS(=O)(=O)N1C[C@@H]([C@@H](C1)NC(=O)C2=CC=C(S2)Cl)NC(=O)C3=CC=C(C=C3)N4C=CC=CC4=O
6.0,Active,KLKB1,,,44434809,C1[C@@H](C[C@H]([C@H]1NC(=O)C2=CC=C(C=C2)N3C=CC=CC3=O)NC(=O)C4=CC=C(S4)Cl)C(=O)O
6.0,Active,KLKB1,,,44434818,CC(=O)N1C[C@@H]([C@@H](C1)NC(=O)C2=CC=C(S2)Cl)NC(=O)C3=CC=C(C=C3)N4C=CC=CC4=O
10.8,Active,KLKB1,,,44434808,C1[C@@H](C[C@H]([C@H]1NC(=O)C2=CC=C(C=C2)N3C=CC=CC3=O)NC(=O)C4=CC=C(S4)Cl)CO
3300.0,Inactive,KLKB1,,,57395841,CC[C@H](C)[C@@H]1C(=O)N[C@H](/C=C/C(=O)NC[C@@H](C(=O)N2CCC[C@H]2C(=O)N[C@H](CC(=O)N1)CC3=CC(=CC=C3)CN)NC(=O)C)CC4=CC=C(C=C4)O
320.0,Inactive,KLKB1,,,118705719,C1=CC(=CC=C1CSC(=N)N)CS(=O)(=O)OC2=CC=C(C=C2)[N+](=O)[O-].Br
11.0,Active,KLKB1,,,59020200,CC(C)(CO)C1=CC=C(C=C1)N2CCC3=C(C2=O)N(N=C3C(=O)N)C4=CC=C(C=C4)OC
6.0,Active,KLKB1,,,57842560,CC(C)(C)S(=O)(=O)C1=C2CNC(=O)C(C3=CC=C(CCCC(=O)NC(=C2)C=C1)C=C3)NC4=CC5=C(C=C4)C(=NC=C5)N
6.0,Active,KLKB1,,,57842673,C1CC2=CC=C(C=C2)[C@H](C(=O)NCC3=CC(=CC=C3)NC(=O)C1)NC4=CC5=C(C=C4)C(=NC=C5)N
20.0,Active,KLKB1,,,60141050,CCC1=C(C(=NC(=N1)N)N2CCC(CC2)(C)O)C#CC3=CC(=C(N=C3)C)NS(=O)(=O)C
6.0,Active,KLKB1,,,59402226,C1=CC=C(C=C1)C[C@@H](C(=O)NCCC2=C(C=CC(=C2)Cl)N3C=NN=N3)NC(=O)C4=CC=C(C=C4)C(=O)O
6.0,Active,KLKB1,,,59402046,C1=CC=C(C=C1)C[C@@H](C(=O)NCCC2=C(C=CC(=C2)Cl)N3C=NN=N3)NC(=O)C4=CC=C(C=C4)C5=NNN=N5
1.0,Active,KLKB1,,,25001205,CC(C)S(=O)(=O)C1=C(C=C(C=C1)NC(=O)OC)[C@H]2CCCN2C(=O)[C@@H](C3=CC(=C(C=C3)OC)OC)NC4=C(C=C5CNC(=O)C5=C4)F
1.0,Active,KLKB1,,,24999867,CC(C)S(=O)(=O)C1=C(C=C(C=C1)NC(=O)OC)[C@H]2CCCN2C(=O)[C@@H](C3=CC(=C(C=C3)OC)OC)NC4=CC5=C(C=C4)C=CNC5=O
13.02,Active,KLKB1,,,134133692,C[C@H]1CCC[C@H](C2=NC=CC(=C2)C3=C(C=C(C=C3)NC(=O)OC)NC1=O)N4CCC(=CC4=O)C5=CC=C(C=C5)OC
13.02,Active,KLKB1,,,134149730,C[C@H]1CCC[C@H](C2=NC=CC(=C2)C3=C(C=CC=C3NC1=O)C(=O)O)N4CCC(=CC4=O)C5=C(C=CC(=C5F)Cl)F
0.535,Active,ST14,0.7773193542117625,0.5201952409800975,11974,C1=CC(=C(C=C1C(=N)N)Br)OCCCOC2=C(C=C(C=C2)C(=N)N)Br
0.204,Active,ST14,0.7773193542117625,0.19835482085970071,432298,C1=CC(=CC=C1C(=N)N)OC2=CC=C(C=C2)OC3=CC=C(C=C3)C(=N)N
0.191,Active,ST14,0.7773193542117625,0.18571456266766098,411406,C1=CC(=CC=C1C(=N)N)OCCCCCCOC2=C(C=C(C=C2)C(=N)N)I
4.5,Active,ST14,0.7773193542117625,4.375473989552222,135435498,C1=CC(=CC=C1C(=N)N)N=NC2=C(C=CC3=CC4=C(C=CC(=C4N=NC5=CC=C(C=C5)C(=N)N)O)C=C32)O
1.16,Active,ST14,0.7773193542117625,1.1278999617512393,4735,C1=CC(=CC=C1C(=N)N)OCCCCCOC2=CC=C(C=C2)C(=N)N
0.924,Active,ST14,0.7773193542117625,0.8984306591880562,65130,C1=CC(=CC=C1C(=N)N)OCCCCCCOC2=CC=C(C=C2)C(=N)N
14.0,Active,ST14,0.7773193542117625,13.612585745273579,126363,CC1=CC=C(C=C1)S(=O)(=O)NC(CC2=CC(=CC=C2)C(=N)N)C(=O)N3CCCCC3
0.32,Active,ST14,0.7773193542117625,0.31114481703482466,9895193,CCOC(=O)N1CCN(CC1)C(=O)[C@H](CC2=CC(=CC=C2)C(=N)N)NS(=O)(=O)C3=C(C=C(C=C3C(C)C)C(C)C)C(C)C
0.08900000000000001,Active,ST14,0.7773193542117625,0.08653715223781061,11578158,CC(C)C1=CC(=C(C(=C1)C(C)C)S(=O)(=O)N[C@@H](CC2=CC(=CC=C2)C(=N)N)C(=O)N3CCC(CC3)CCN=C(N)N)C(C)C
0.08800000000000001,Active,ST14,0.7773193542117625,0.08556482468457678,11570580,C1CCC(CC1)C2=CC=C(C=C2)S(=O)(=O)N[C@@H](CC3=CC(=CC=C3)C(=N)N)C(=O)N4CCC(CC4)CCN=C(N)N
0.042,Active,ST14,0.7773193542117625,0.04083775723582074,11664107,C1CN(CCC1CCCN=C(N)N)C(=O)[C@H](CC2=CC(=CC=C2)C(=N)N)NS(=O)(=O)C3=CC4=CC=CC=C4C=C3
0.24,Active,ST14,0.7773193542117625,0.2333586127761185,44413355,C1CCC(CC1)C2=CC=C(C=C2)S(=O)(=O)N[C@@H](CC3=CC(=CC=C3)C(=N)N)C(=O)N4CCNCC4
0.12,Active,ST14,0.7773193542117625,0.11667930638805925,11678360,C1CNCCC1C2CCN(CC2)C(=O)[C@H](CC3=CC(=CC=C3)C(=N)N)NS(=O)(=O)C4=CC5=CC=CC=C5C=C4
0.057,Active,ST14,0.7773193542117625,0.055422670534328144,11664643,CC(C)C1=CC(=C(C(=C1)C(C)C)S(=O)(=O)N[C@@H](CC2=CC(=CC=C2)C(=N)N)C(=O)N3CCN(CC3)C(=O)CCN=C(N)N)C(C)C
0.69,Active,ST14,0.7773193542117625,0.6709060117313406,11570759,C1CN(CCN1C(=O)CCN=C(N)N)C(=O)[C@H](CC2=CC(=CC=C2)C(=N)N)NS(=O)(=O)CCC3=CC=CC4=CC=CC=C43
0.11,Active,ST14,0.7773193542117625,0.10695603085572097,11607091,CC(C)C1=CC(=C(C(=C1)C(C)C)S(=O)(=O)N[C@@H](CC2=CC(=CC=C2)C(=N)N)C(=O)N3CCN(CC3)C(=O)C4CCNCC4)C(C)C
0.05,Active,ST14,0.7773193542117625,0.04861637766169136,11534959,CC(C)C1=CC(=C(C(=C1)C(C)C)S(=O)(=O)N[C@@H](CC2=CC(=CC=C2)C(=N)N)C(=O)N3CCCN(CC3)C(=O)C4CCN(CC4)C(=N)N)C(C)C
0.14,Active,ST14,0.7773193542117625,0.1361258574527358,11614477,CC(C)C1=CC(=C(C(=C1)C(C)C)S(=O)(=O)N[C@@H](CC2=CC(=CC=C2)C(=N)N)C(=O)N3CCC(CC3)C(=O)NCCN=C(N)N)C(C)C
0.013,Active,ST14,0.7773193542117625,0.012640258192039752,11513105,C1CN(CCC1C(=O)NCCN=C(N)N)C(=O)[C@H](CC2=CC(=CC=C2)C(=N)N)NS(=O)(=O)C3=CC4=C(C=C3)C(=O)C5=CC=CC=C5C4=O
0.045,Active,ST14,0.7773193542117625,0.04375473989552221,11642802,C1CN(CCC1C2CCN(CC2)C(=N)N)C(=O)[C@H](CC3=CC(=CC=C3)C(=N)N)NS(=O)(=O)C4=CC5=CC=CC=C5C=C4
0.084,Active,ST14,0.7773193542117625,0.08167551447164148,44413343,CC(C)C1=CC(=C(C(=C1)C(C)C)S(=O)(=O)N[C@@H](CC2=CC(=CC=C2)C(=N)N)C(=O)N3CCN(CC3)C(=N)N)C(C)C
0.026,Active,ST14,0.7773193542117625,0.025280516384079504,44413356,C1CCC(CC1)C2=CC=C(C=C2)S(=O)(=O)N[C@@H](CC3=CC(=CC=C3)C(=N)N)C(=O)N4CCN(CC4)C(=N)N
0.046,Active,ST14,0.7773193542117625,0.04472706744875604,6852210,C1CN(CCC1CCN=C(N)N)C(=O)[C@H](CC2=CC(=CC=C2)C(=N)N)NS(=O)(=O)C3=CC4=CC=CC=C4C=C3
0.4,Active,ST14,0.7773193542117625,0.38893102129353085,11664334,C1CN(CCN1C(=O)CCN=C(N)N)C(=O)[C@H](CC2=CC(=CC=C2)C(=N)N)NS(=O)(=O)CC3=CC4=CC=CC=C4C=C3
0.73,Active,ST14,0.7773193542117625,0.7097991138606937,11563632,CC1=C(C(=C(C2=C1OC(C2)(C)C)C)S(=O)(=O)N[C@@H](CC3=CC(=CC=C3)C(=N)N)C(=O)N4CCN(CC4)C(=O)CCN=C(N)N)C
0.0015,Active,ST14,0.7773193542117625,0.0014584913298507406,11570700,C1CN(CCC1CCCN=C(N)N)C(=O)[C@H](CC2=CC(=CC=C2)C(=N)N)NS(=O)(=O)C3=CC=CC(=C3)NC(=O)CCN
0.053,Active,ST14,0.7773193542117625,0.05153336032139283,11636026,C1CN(CCN1C(=O)CCN=C(N)N)C(=O)[C@H](CC2=CC(=CC=C2)C(=N)N)NS(=O)(=O)C3=CC4=C(C=C3)C(=O)C5=CC=CC=C5C4=O
0.038,Active,ST14,0.7773193542117625,0.036948447022885425,11699913,C1CN(CCC1CCN=C(N)N)C(=O)[C@H](CC2=CC(=CC=C2)C(=N)N)NS(=O)(=O)C3=CC=C(C=C3)OC4=CC=CC=C4
0.013,Active,ST14,0.7773193542117625,0.012640258192039752,11678764,C1CN(CCC1CCN=C(N)N)C(=O)[C@H](CC2=CC(=CC=C2)C(=N)N)NS(=O)(=O)C3=CN=C(C=C3)OC4=CC=CC=C4
0.053,Active,ST14,0.7773193542117625,0.05153336032139283,11699903,C1CN(CCC1CCN=C(N)N)C(=O)[C@H](CC2=CC(=CC=C2)C(=N)N)NS(=O)(=O)C3=CC=C(C=C3)CC4=CC=NC=C4
0.0087,Active,ST14,0.7773193542117625,0.008459249713134295,11628768,C1CN(CCC1CCN=C(N)N)C(=O)[C@H](CC2=CC(=CC=C2)C(=N)N)NS(=O)(=O)C3=CC=C(C=C3)NC(=O)CCN=C(N)N
0.11,Active,ST14,0.7773193542117625,0.10695603085572097,11577055,C1CN(CCC1CCN)C(=O)[C@H](CC2=CC(=CC=C2)C(=N)N)NS(=O)(=O)C3=CC4=CC=CC=C4C=C3
0.028,Active,ST14,0.7773193542117625,0.027225171490547158,11656797,C1CN(CCC1CCN)C(=O)[C@H](CC2=CC(=CC=C2)C(=N)N)NS(=O)(=O)C3=CC=C(C=C3)NC(=O)CCN
0.08900000000000001,Active,ST14,0.7773193542117625,0.08653715223781061,11563457,C1CCC(CC1)C2=CC=C(C=C2)S(=O)(=O)N[C@@H](CC3=CC(=CC=C3)C(=N)N)C(=O)N4CCN(CC4)C(=O)CCN=C(N)N
0.2,Active,ST14,0.7773193542117625,0.19446551064676543,11577968,CCC(C)(C)C1=CC=C(C=C1)S(=O)(=O)N[C@@H](CC2=CC(=CC=C2)C(=N)N)C(=O)N3CCN(CC3)C(=O)CCN=C(N)N
0.25,Active,ST14,0.7773193542117625,0.24308188830845676,11721375,C1CN(CCN1C(=O)CCN=C(N)N)C(=O)[C@H](CC2=CC(=CC=C2)C(=N)N)NS(=O)(=O)C3=CC=C(C=C3)C4=CC=CC=C4
0.0039,Active,ST14,0.7773193542117625,0.0037920774576119254,11592130,C1CN(CCC1CCN)C(=O)[C@H](CC2=CC(=CC=C2)C(=N)N)NS(=O)(=O)C3=CC=CC(=C3)NC(=O)CCCN
0.009149999999999998,Active,ST14,0.7773193542117625,0.008896797112089516,6852211,CC(C)C1=CC(=C(C(=C1)C(C)C)S(=O)(=O)N[C@@H](CC2=CC(=CC=C2)C(=N)N)C(=O)N3CCN(CC3)C(=O)C4CCN(CC4)C(=N)N)C(C)C
0.17,Active,ST14,0.7773193542117625,0.16529568404975062,5289531,CC(C)C1=CC(=C(C(=C1)C(C)C)S(=O)(=O)N[C@@H](CC2=CC(=CC=C2)C(=N)N)C(=O)N3CCN(CC3)C(=O)CCN)C(C)C
0.061,Active,ST14,0.7773193542117625,0.059311980747263446,11542037,CC(C)C1=CC(=C(C(=C1)C(C)C)S(=O)(=O)N[C@@H](CC2=CC(=CC=C2)C(=N)N)C(=O)N3CCN(CC3)C(=O)CCCN=C(N)N)C(C)C
0.061,Active,ST14,0.7773193542117625,0.059311980747263446,11621579,C1CN(CCC1C(=O)N2CCN(CC2)C(=O)[C@H](CC3=CC(=CC=C3)C(=N)N)NS(=O)(=O)C4=CC=C(C=C4)C5=CC=CC=C5)C(=N)N
0.13,Active,ST14,0.7773193542117625,0.12640258192039752,11671956,CC(C)C1=CC(=C(C(=C1)C(C)C)S(=O)(=O)N[C@@H](CC2=CC(=CC=C2)C(=N)N)C(=O)N3CCCN(CC3)C(=O)C4CCNCC4)C(C)C
0.21,Active,ST14,0.7773193542117625,0.20418878617910366,11721188,C1CN(CCN1C(=O)CCN=C(N)N)C(=O)[C@H](CC2=CC(=CC=C2)C(=N)N)NS(=O)(=O)C3=CC4=CC=CC=C4C=C3
0.34,Active,ST14,0.7773193542117625,0.33059136809950124,11512593,C1CN(CCN1C(=O)CCN=C(N)N)C(=O)[C@H](CC2=CC(=CC=C2)C(=N)N)NS(=O)(=O)C3=CC=CC4=CC=CC=C43
0.0042,Active,ST14,0.7773193542117625,0.004083775723582073,11606981,C1CN(CCC1CCN=C(N)N)C(=O)[C@H](CC2=CC(=CC=C2)C(=N)N)NS(=O)(=O)C3=CC=CC(=C3)NC(=O)CCN=C(N)N
0.07200000000000001,Active,ST14,0.7773193542117625,0.07000758383283555,11699600,C1CN(CCC1CCN=C(N)N)C(=O)[C@H](CC2=CC(=CC=C2)C(=N)N)NS(=O)(=O)C3=CC=CC4=CC=CC=C43
0.14,Active,ST14,0.7773193542117625,0.1361258574527358,11592593,CC(C)C1=CC(=C(C(=C1)C(C)C)S(=O)(=O)N[C@@H](CC2=CC(=CC=C2)C(=N)N)C(=O)N3CCN(CC3)C(=O)CCCN)C(C)C
0.33,Active,ST14,0.7773193542117625,0.3208680925671629,11635973,CC(C)C1=CC(=C(C(=C1)C(C)C)S(=O)(=O)NC(CC2=CC(=CC=C2)C(=N)N)C(=O)N3CCN(CC3)C(=O)CN=C(N)N)C(C)C
0.075,Active,ST14,0.7773193542117625,0.07292456649253702,11627899,C1CN(CCC1CCN)C(=O)[C@H](CC2=CC(=CC=C2)C(=N)N)NS(=O)(=O)C3=CC=CC(=C3)NC(=O)CN
0.065,Active,ST14,0.7773193542117625,0.06320129096019876,11542038,CC(C)C1=CC(=C(C(=C1)C(C)C)S(=O)(=O)N[C@@H](CC2=CC(=CC=C2)C(=N)N)C(=O)N3CCCN(CC3)C(=O)CCN=C(N)N)C(C)C
0.096,Active,ST14,0.7773193542117625,0.0933434451104474,11671776,CC(C)C1=CC(=C(C(=C1)C(C)C)S(=O)(=O)N[C@@H](CC2=CC(=CC=C2)C(=N)N)C(=O)N3CCCN(CC3)C(=O)CCN)C(C)C
0.005,Active,ST14,0.7773193542117625,0.004861637766169135,11671266,C1CN(CCC1CCCN)C(=O)[C@H](CC2=CC(=CC=C2)C(=N)N)NS(=O)(=O)C3=CC=CC(=C3)NC(=O)CCN
1.5,Active,ST14,0.7773193542117625,1.4584913298507405,11657278,CCC(=O)N1CCN(CC1)C(=O)[C@H](CC2=CC(=CC=C2)C(=N)N)NS(=O)(=O)C3=CC4=C(C=C3)C(=O)C5=CC=CC=C5C4=O
8e-05,Active,ST14,0.7773193542117625,7.778620425870617e-05,44569299,C1CC(=NCC1C2=CC(=CC=C2)S(=O)(=O)N[C@@H](CC3=CC(=CC=C3)C(=N)N)C(=O)N4CCC(CC4)CCN)N
0.028,Active,ST14,0.7773193542117625,0.027225171490547158,44569300,CC1=NC=CC(=N1)C2=CC(=CC=C2)S(=O)(=O)N[C@@H](CC3=CC(=CC=C3)C(=N)N)C(=O)N4CCC(CC4)CCN
0.056,Active,ST14,0.7773193542117625,0.054450342981094316,44569301,C1CN(CCC1CCN)C(=O)[C@H](CC2=CC(=CC=C2)CN)NS(=O)(=O)C3=CC=CC(=C3)NC(=O)CCN
0.145,Active,ST14,0.7773193542117625,0.1409874952189049,44569359,COC1=CC=C(C=C1)C2=CC(=CC=C2)S(=O)(=O)NC(CC3=CC(=CC=C3)CN)C(=O)N4CCC(CC4)CCN
0.0067,Active,ST14,0.7773193542117625,0.006514594606666642,44569732,C1CN(CCC1CCN)C(=O)[C@H](CC2=CC(=CC=C2)C(=N)N)NS(=O)(=O)C3=CC=CC(=C3)NCCCN
0.00235,Active,ST14,0.7773193542117625,0.0022849697500994938,25030929,C1CN(CCC1CCN)C(=O)[C@H](CC2=CC(=CC=C2)C(=N)N)NS(=O)(=O)C3=CC=CC(=C3)NC(=O)C4CNC4
0.1185,Active,ST14,0.7773193542117625,0.1152208150582085,44569733,C1CN(CCC1CCN)C(=O)[C@H](CC2=CC(=CC=C2)C(=N)N)NS(=O)(=O)C3=CC=CC(=C3)NC(=O)CCO
0.026,Active,ST14,0.7773193542117625,0.025280516384079504,44569813,C1CN(CCC1CCN)C(=O)C(CC2=CC(=CC=C2)C(=N)N)NS(=O)(=O)C3=CC=CC(=C3)C4=CC=C(C=C4)Cl
0.012,Active,ST14,0.7773193542117625,0.011667930638805925,44569844,CC(C)OC1=CC=C(C=C1)C2=CC(=CC=C2)S(=O)(=O)NC(CC3=CC(=CC=C3)C(=N)N)C(=O)N4CCC(CC4)CCN
0.0054,Active,ST14,0.7773193542117625,0.005250568787462666,44569845,COC1=C(C=C(C=C1)C2=CC(=CC=C2)S(=O)(=O)NC(CC3=CC(=CC=C3)C(=N)N)C(=O)N4CCC(CC4)CCN)OC
0.0025,Active,ST14,0.7773193542117625,0.0024308188830845677,44569846,CCC1=CC=C(C=C1)C2=CC(=CC=C2)S(=O)(=O)NC(CC3=CC(=CC=C3)C(=N)N)C(=O)N4CCC(CC4)CCN
0.013,Active,ST14,0.7773193542117625,0.012640258192039752,44569891,C1CN(CCC1CCN)C(=O)C(CC2=CC(=CC=C2)C(=N)N)NS(=O)(=O)C3=CC=CC(=C3)C4=CC5=C(C=C4)NC=C5
0.0016,Active,ST14,0.7773193542117625,0.0015557240851741233,44569892,C1CN(CCC1CCN)C(=O)[C@H](CC2=CC(=CC=C2)C(=N)N)NS(=O)(=O)C3=CC=CC(=C3)C4=CN=C(C=C4)N
0.091,Active,ST14,0.7773193542117625,0.08848180734427825,44569812,C1CN(CCC1CCN)C(=O)C(CC2=CC(=CC=C2)C(=N)N)NS(=O)(=O)C3=CC=CC(=C3)C4=CC(=CC=C4)Cl
0.047,Active,ST14,0.7773193542117625,0.04569939500198987,44569890,C1CN(CCC1CCN)C(=O)C(CC2=CC(=CC=C2)C(=N)N)NS(=O)(=O)C3=CC=CC(=C3)C4=CN=CC=C4
2.8,Active,ST14,0.7773193542117625,2.7225171490547155,44569333,C1CN(CCC1CCN)C(=O)[C@H](CC2=CC=C(C=C2)CN)NS(=O)(=O)C3=CC=CC(=C3)NC(=O)CCN
0.0008699999999999999,Active,ST14,0.7773193542117625,0.0008459249713134294,44569667,C1CN(CCC1CCN)C(=O)[C@H](CC2=CC(=CC=C2)C(=N)N)NS(=O)(=O)C3=CC=CC(=C3)CCCCN
10.0,Active,ST14,0.7773193542117625,9.72327553233827,44569356,C1CN(CCC1CCN)C(=O)[C@H](CC2=CC=CC=C2)NS(=O)(=O)C3=CC=CC(=C3)NC(=O)CCN
0.041,Active,ST14,0.7773193542117625,0.03986542968258691,44569768,CCOC(=O)NC1=CC(=CC=C1)S(=O)(=O)N[C@@H](CC2=CC(=CC=C2)C(=N)N)C(=O)N3CCC(CC3)CCN
0.029,Active,ST14,0.7773193542117625,0.028197499043780987,44569811,C1CN(CCC1CCN)C(=O)C(CC2=CC(=CC=C2)C(=N)N)NS(=O)(=O)C3=CC=CC(=C3)C4=CC=CC=C4Cl
0.06,Active,ST14,0.7773193542117625,0.058339653194029624,44569889,C1CN(CCC1CCN)C(=O)C(CC2=CC(=CC=C2)C(=N)N)NS(=O)(=O)C3=CC=CC(=C3)C4=CC=NC=C4
0.47,Active,ST14,0.7773193542117625,0.4569939500198987,44573378,CC1CCCCN1C(=O)[C@H](CC2=CC(=CC=C2)C(=N)N)NS(=O)(=O)C3=CC=CC(=C3)NC(=O)CCN
0.1,Active,ST14,0.7773193542117625,0.09723275532338271,44573379,COC(=O)[C@H]1CCCCN1C(=O)[C@H](CC2=CC(=CC=C2)C(=N)N)NS(=O)(=O)C3=CC=CC(=C3)NC(=O)CCN
0.0061,Active,ST14,0.7773193542117625,0.005931198074726345,25031102,COC(=O)CCCC1CCN(CC1)C(=O)[C@H](CC2=CC(=CC=C2)C(=N)N)NS(=O)(=O)C3=CC=CC(=C3)NC(=O)CCN
0.036500000000000005,Active,ST14,0.7773193542117625,0.03548995569303469,25031099,C1CN(CCN1)C(=O)[C@H](CC2=CC(=CC=C2)C(=N)N)NS(=O)(=O)C3=CC=CC(=C3)NC(=O)CCN
0.017,Active,ST14,0.7773193542117625,0.016529568404975062,44573273,C1CN(CCC1CC2=CC=CC=C2)C(=O)[C@H](CC3=CC(=CC=C3)C(=N)N)NS(=O)(=O)C4=CC=CC(=C4)NC(=O)CCN
0.065,Active,ST14,0.7773193542117625,0.06320129096019876,25032204,CCOC(=O)N1CCN(CC1)C(=O)[C@H](CC2=CC(=CC=C2)C(=N)N)NS(=O)(=O)C3=CC=CC(=C3)NC(=O)CCN
0.18,Active,ST14,0.7773193542117625,0.17501895958208885,44573311,C1CCN([C@H](C1)C(=O)O)C(=O)[C@H](CC2=CC(=CC=C2)C(=N)N)NS(=O)(=O)C3=CC=CC(=C3)NC(=O)CCN
0.053,Active,ST14,0.7773193542117625,0.05153336032139283,44573274,CNC(=O)CCC(=O)N1CCN(CC1)C(=O)[C@H](CC2=CC(=CC=C2)C(=N)N)NS(=O)(=O)C3=CC=CC(=C3)NC(=O)CCN
0.03075,Active,ST14,0.7773193542117625,0.02989907226194018,25032202,C1CC(CN(C1)C(=O)[C@H](CC2=CC(=CC=C2)C(=N)N)NS(=O)(=O)C3=CC=CC(=C3)NC(=O)CCN)C(=O)N
0.15,Active,ST14,0.7773193542117625,0.14584913298507404,44573310,C1CN(CCN1C2=CC=C(C=C2)O)C(=O)[C@H](CC3=CC(=CC=C3)C(=N)N)NS(=O)(=O)C4=CC=CC(=C4)NC(=O)CCN
0.0068000000000000005,Active,ST14,0.7773193542117625,0.006611827361990025,25030840,C1CN(CCN1C(=O)[C@H](CC2=CC(=CC=C2)C(=N)N)NS(=O)(=O)C3=CC=CC(=C3)NC(=O)CCN)C(=O)OCC4=CC=CC=C4
0.01255,Active,ST14,0.7773193542117625,0.01220271079308453,25032200,C1CN(CCC1C(=O)N)C(=O)[C@H](CC2=CC(=CC=C2)C(=N)N)NS(=O)(=O)C3=CC=CC(=C3)NC(=O)CCN
0.0325,Active,ST14,0.7773193542117625,0.03160064548009938,25031541,C1CCN(CC1)C(=O)[C@H](CC2=CC(=CC=C2)C(=N)N)NS(=O)(=O)C3=CC=CC(=C3)NC(=O)CCN
1.298,Active,ST14,0.7773193542117625,1.2620811640975076,72429,CC(C)C[C@@H](C(=O)N[C@@H](CC(C)C)C(=O)N[C@@H](CCCN=C(N)N)C=O)NC(=O)C
2.1,Active,ST14,0.7773193542117625,2.0418878617910368,46899737,C1CCC(CC1)C[C@H](C(=O)N2CCC[C@H]2C(=O)NCC3=C(C=CC(=C3)Cl)CN)NS(=O)(=O)CC4=CC=CC=C4.C(=O)(C(F)(F)F)O
0.22,Active,ST14,0.7773193542117625,0.21391206171144195,49864063,C1C[C@H](N(C1)C(=O)[C@@H](CCCN=C(N)N)NS(=O)(=O)CC2=CC=CC=C2)C(=O)NCC3=C(C=CC(=C3)Cl)CN.C(=O)(C(F)(F)F)O
0.055,Active,ST14,0.7773193542117625,0.05347801542786049,49864062,C1C[C@H](N(C1)C(=O)[C@@H](CCCN=C(N)N)NS(=O)(=O)CC2=CC=CC=C2)C(=O)NCC3=CC=C(C=C3)C(=N)N.C(=O)(C(F)(F)F)O
0.77,Active,ST14,0.7773193542117625,0.7486922159900469,46899735,C1CCC(CC1)C[C@H](C(=O)N2CCC[C@H]2C(=O)NCC3=CC=C(C=C3)C(=N)N)NS(=O)(=O)CC4=CC=CC=C4.C(=O)(C(F)(F)F)O
8.8e-05,Active,ST14,0.7773193542117625,8.556482468457678e-05,70682854,C[C@@H](C(=O)N[C@@H](CCCN=C(N)N)C(=O)C1=NC2=CC=CC=C2S1)NC(=O)[C@H](CCC(=O)N)N
0.0014,Active,ST14,0.7773193542117625,0.001361258574527358,70689169,C[C@@H](C(=O)N[C@@H](CCCN=C(N)N)C(=O)C1=NC2=CC=CC=C2S1)N
9.6,Active,ST14,0.7773193542117625,9.334344511044739,9997816,C1=CC(=NC(=C1)OC2=CC=C(C=C2)C(=N)N)OC3=CC=C(C=C3)C(=N)N
2.9,Active,ST14,0.7773193542117625,2.8197499043780985,76310068,C1=CC(=CC=C1C(=N)N)OC2=NC(=C(C=C2)N)OC3=CC=C(C=C3)C(=N)N
0.2,Active,ST14,0.7773193542117625,0.19446551064676543,49820499,C1=CC(=CC=C1C(=N)N)OC2=NC(=C(C=C2)NS(=O)(=O)C3=CC=C(C=C3)F)OC4=CC=C(C=C4)C(=N)N
0.2,Active,ST14,0.7773193542117625,0.19446551064676543,66818743,C1CN(CCC1CCN)C(=O)C2=C(N=C(C=C2)OC3=CC=C(C=C3)C(=N)N)OC4=CC=C(C=C4)C(=N)N
0.4,Active,ST14,0.7773193542117625,0.38893102129353085,66818555,C1=CC(=CC=C1C(=N)N)OC2=NC(=C(C=C2)C(=O)NCCCN)OC3=CC=C(C=C3)C(=N)N
1.2,Active,ST14,0.7773193542117625,1.1667930638805923,49820654,C1=CC(=CC=C1C(=N)N)OC2=NC(=C(C=C2)NS(=O)(=O)C3=CC(=CC(=C3)F)F)OC4=CC=C(C=C4)C(=N)N
0.2,Active,ST14,0.7773193542117625,0.19446551064676543,49820501,C1=CC2=C(C(=C1)S(=O)(=O)NC3=C(N=C(C=C3)OC4=CC=C(C=C4)C(=N)N)OC5=CC=C(C=C5)C(=N)N)N=CC=C2
0.04,Active,ST14,0.7773193542117625,0.03889310212935308,76320988,C1CN(CCC1NC(=O)C2=CC(=NC(=C2)OC3=CC=C(C=C3)C(=N)N)OC4=CC=C(C=C4)C(=N)N)CCCN
0.5,Active,ST14,0.7773193542117625,0.4861637766169135,66818589,C1CC(CCC1N)NC(=O)C2=C(N=C(C=C2)OC3=CC=C(C=C3)C(=N)N)OC4=CC=C(C=C4)C(=N)N
0.6,Active,ST14,0.7773193542117625,0.5833965319402962,49820657,C1CN(CCC1NC(=O)C2=C(N=C(C=C2)OC3=CC=C(C=C3)C(=N)N)OC4=CC=C(C=C4)C(=N)N)C(=O)CCN
0.04,Active,ST14,0.7773193542117625,0.03889310212935308,66818162,C1CC(CCC1N)NC(=O)C2=CC(=NC(=C2)OC3=CC=C(C=C3)C(=N)N)OC4=CC=C(C=C4)C(=N)N
0.1,Active,ST14,0.7773193542117625,0.09723275532338271,66818889,C1CN(CCC1CCN)C(=O)C2=CC(=NC(=C2)OC3=CC=C(C=C3)C(=N)N)OC4=CC=C(C=C4)C(=N)N
0.04,Active,ST14,0.7773193542117625,0.03889310212935308,49820500,C1=CC=C2C=C(C=CC2=C1)S(=O)(=O)NC3=C(N=C(C=C3)OC4=CC=C(C=C4)C(=N)N)OC5=CC=C(C=C5)C(=N)N
0.12,Active,ST14,0.7773193542117625,0.11667930638805925,71495468,CNC(=O)CCCC1CCN(CC1)C(=O)[C@H](CC2=CC(=CC=C2)C(=N)N)NS(=O)(=O)C3=CC=CC(=C3)C4=CC=CC=C4F
0.13,Active,ST14,0.7773193542117625,0.12640258192039752,71495559,CNC(=O)CCCC1CCN(CC1)C(=O)[C@H](CC2=CC(=CC=C2)C(=N)N)NS(=O)(=O)C3=CC=CC(=C3)C4=CC(=CC=C4)F
0.011,Active,ST14,0.7773193542117625,0.010695603085572098,71495661,C1CN(CCC1CCN)C(=O)[C@H](CC2=CC(=CC=C2)C(=N)N)NS(=O)(=O)C3=CC=CC(=C3)C4=C(C(=CC=C4)Cl)Cl
0.018000000000000002,Active,ST14,0.7773193542117625,0.017501895958208887,71495766,C1CN(CCC1CCN)C(=O)[C@H](CC2=CC(=CC=C2)C(=N)N)NS(=O)(=O)C3=CC=CC(=C3)C4=CC(=C(C=C4)Cl)Cl
0.006999999999999999,Active,ST14,0.7773193542117625,0.006806292872636789,90666140,CNC(=O)NCCC1CCN(CC1)C(=O)[C@H](CC2=CC(=CC=C2)C(=N)N)NS(=O)(=O)C3=CC=CC(=C3)NC(=O)CCN
0.008,Active,ST14,0.7773193542117625,0.0077786204258706165,71496089,C1CCC(CC1)NC(=O)NC2CCN(CC2)C(=O)[C@H](CC3=CC(=CC=C3)C(=N)N)NS(=O)(=O)C4=CC=CC(=C4)NC(=O)CCN
0.026,Active,ST14,0.7773193542117625,0.025280516384079504,71496202,C1CN(CCC1NC(=O)NCC2=CC=CC=C2)C(=O)[C@H](CC3=CC(=CC=C3)C(=N)N)NS(=O)(=O)C4=CC=CC(=C4)NC(=O)CCN
0.12,Active,ST14,0.7773193542117625,0.11667930638805925,71496204,CNC(=O)CCCC1CCN(CC1)C(=O)[C@H](CC2=CC(=CC=C2)C(=N)N)NS(=O)(=O)C3=CC=CC(=C3)C4=CC=C(C=C4)F
0.033,Active,ST14,0.7773193542117625,0.032086809256716295,71495561,C1CN(CCC1CCN)C(=O)[C@H](CC2=CC(=CC=C2)C(=N)N)NS(=O)(=O)C3=CC=CC(=C3)C4=CC=C(C=C4)F
0.013,Active,ST14,0.7773193542117625,0.012640258192039752,71495381,CNC(=O)CCCC1CCN(CC1)C(=O)[C@H](CC2=CC(=CC=C2)C(=N)N)NS(=O)(=O)C3=CC=CC(=C3)C4=C(C=C(C=C4)Cl)Cl
0.011,Active,ST14,0.7773193542117625,0.010695603085572098,89399327,C1CN(CCC1CCNC(=O)NC2=CC=CC=C2)C(=O)[C@H](CC3=CC(=CC=C3)C(=N)N)NS(=O)(=O)C4=CC=CC(=C4)NC(=O)CCN
0.014,Active,ST14,0.7773193542117625,0.013612585745273579,71496201,C1CN(CCC1NC(=O)NC2=CC=CC=C2)C(=O)[C@H](CC3=CC(=CC=C3)C(=N)N)NS(=O)(=O)C4=CC=CC(=C4)NC(=O)CCN
0.023,Active,ST14,0.7773193542117625,0.02236353372437802,90666142,C1CCC(CC1)NC(=O)NCCC2CCN(CC2)C(=O)[C@H](CC3=CC(=CC=C3)C(=N)N)NS(=O)(=O)C4=CC=CC(=C4)NC(=O)CCN
0.049,Active,ST14,0.7773193542117625,0.04764405010845753,90666139,CCOC1=CC(=C(C=C1)C2=CC(=CC=C2)S(=O)(=O)N[C@@H](CC3=CC(=CC=C3)C(=N)N)C(=O)N4CCC(CC4)CCCC(=O)NC)Cl
0.013,Active,ST14,0.7773193542117625,0.012640258192039752,71495466,CCOC1=CC(=C(C=C1)C2=CC(=CC=C2)S(=O)(=O)N[C@@H](CC3=CC(=CC=C3)C(=N)N)C(=O)N4CCC(CC4)CCN)Cl
0.008,Active,ST14,0.7773193542117625,0.0077786204258706165,71495659,CNC(=O)CCCC1CCN(CC1)C(=O)[C@H](CC2=CC(=CC=C2)C(=N)N)NS(=O)(=O)C3=CC=CC(=C3)C4=C(C=C(C=C4)OC)OC
0.001,Active,ST14,0.7773193542117625,0.0009723275532338271,71495660,COC1=CC(=C(C=C1)C2=CC(=CC=C2)S(=O)(=O)N[C@@H](CC3=CC(=CC=C3)C(=N)N)C(=O)N4CCC(CC4)CCN)OC
0.0009,Active,ST14,0.7773193542117625,0.0008750947979104443,90666145,CNC(=O)NCCC1CCN(CC1)C(=O)[C@H](CC2=CC(=CC=C2)C(=N)N)NS(=O)(=O)C3=CC=CC(=C3)C4=C(C=C(C=C4)Cl)Cl
0.0027,Active,ST14,0.7773193542117625,0.002625284393731333,90666146,COC1=CC(=C(C=C1)C2=CC(=CC=C2)S(=O)(=O)N[C@@H](CC3=CC(=CC=C3)C(=N)N)C(=O)N4CCC(CC4)NC(=O)NC5CCCCC5)OC
0.0051,Active,ST14,0.7773193542117625,0.004958870521492518,90666147,C1CCC(CC1)NC(=O)NC2CCN(CC2)C(=O)[C@H](CC3=CC(=CC=C3)C(=N)N)NS(=O)(=O)C4=CC=CC(=C4)C5=C(C=C(C=C5)Cl)Cl
0.023,Active,ST14,0.7773193542117625,0.02236353372437802,50939651,C1CN(CCC1CCN)C(=O)[C@H](CC2=CC(=CC=C2)C(=N)N)NS(=O)(=O)C3=CC=CC(=C3)C4=CC=CC=C4F
0.052000000000000005,Active,ST14,0.7773193542117625,0.05056103276815901,71495560,C1CN(CCC1CCN)C(=O)[C@H](CC2=CC(=CC=C2)C(=N)N)NS(=O)(=O)C3=CC=CC(=C3)C4=CC(=CC=C4)F
0.051,Active,ST14,0.7773193542117625,0.04958870521492518,71495467,CNC(=O)CCCC1CCN(CC1)C(=O)[C@H](CC2=CC(=CC=C2)C(=N)N)NS(=O)(=O)C3=CC=CC(=C3)C4=C(C(=CC=C4)Cl)Cl
0.07400000000000001,Active,ST14,0.7773193542117625,0.0719522389393032,71495765,CNC(=O)CCCC1CCN(CC1)C(=O)[C@H](CC2=CC(=CC=C2)C(=N)N)NS(=O)(=O)C3=CC=CC(=C3)C4=CC(=C(C=C4)Cl)Cl
0.035,Active,ST14,0.7773193542117625,0.03403146436318395,71495976,C1CN(CCC1NC(=O)N)C(=O)[C@H](CC2=CC(=CC=C2)C(=N)N)NS(=O)(=O)C3=CC=CC(=C3)NC(=O)CCN
0.017,Active,ST14,0.7773193542117625,0.016529568404975062,90666143,C1CN(CCC1CCNC(=O)NCC2=CC=CC=C2)C(=O)[C@H](CC3=CC(=CC=C3)C(=N)N)NS(=O)(=O)C4=CC=CC(=C4)NC(=O)CCN
0.301,Active,ST14,0.7773193542117625,0.29267059352338193,49820973,C1CC(CCC1NC(=O)C2=CC(=CC(=C2)OC3=CC=C(C=C3)C(=N)N)OC4=CC=C(C=C4)C(=N)N)O
0.204,Active,ST14,0.7773193542117625,0.19835482085970071,66818765,C1CN(CCC1NC(=O)C2=CC(=CC(=C2)OC3=CC=C(C=C3)C(=N)N)OC4=CC=C(C=C4)C(=N)N)CCO
0.141,Active,ST14,0.7773193542117625,0.1370981850059696,66818450,C1CN(CCC1NC(=O)C2=CC(=CC(=C2)OC3=CC=C(C=C3)C(=N)N)OC4=CC=C(C=C4)C(=N)N)CCCN
0.01,Active,ST14,0.7773193542117625,0.00972327553233827,66818569,C1CC(CCC1N)NC(=O)C2=CC(=CC(=C2)OC3=CC=C(C=C3)C(=N)N)OC4=CC=C(C=C4)C(=N)N
0.094,Active,ST14,0.7773193542117625,0.09139879000397974,66821311,C1CN(CCC1CCN)C(=O)C2=CC(=CC(=C2)OC3=CC=C(C=C3)C(=N)N)OC4=CC=C(C=C4)C(=N)N
1.79,Active,ST14,0.7773193542117625,1.7404663202885504,66818433,C1=CC=C2C=C(C=CC2=C1)S(=O)(=O)NC3=CC(=CC(=C3)OC4=CC=C(C=C4)C(=N)N)OC5=CC=C(C=C5)C(=N)N
0.001,Active,ST14,0.7773193542117625,0.0009723275532338271,66818766,C1CC(CCC1N)OC(=O)C2=CC(=CC(=C2)OC3=CC=C(C=C3)C(=N)N)OC4=CC=C(C=C4)C(=N)N
1.131,Active,ST14,0.7773193542117625,1.0997024627074583,49820816,C1CC(CCC1N)NC(=O)C2=CC(=CC(=C2)OC3=CC=C(C=C3)N)OC4=CC=C(C=C4)C(=N)N
2.032,Active,ST14,0.7773193542117625,1.9757695881711366,66818629,C1CC(CCC1N)NC(=O)C2=CC(=CC(=C2)OC3=CN=C(C=C3)N)OC4=CC=C(C=C4)C(=N)N
1.617,Active,ST14,0.7773193542117625,1.5722536535790983,68788696,C1=CC(=CC=C1C(=N)N)OC2=CC(=CC(=C2)C(=O)N)OC3=CC=C(C=C3)C(=N)N
0.73,Active,ST14,0.7773193542117625,0.7097991138606937,66820910,C1CN(CC2=CC=CC=C21)C(=O)C3=CC(=CC(=C3)OC4=CC=C(C=C4)C(=N)N)OC5=CC=C(C=C5)C(=N)N
0.591,Active,ST14,0.7773193542117625,0.5746455839611918,90644019,C1=CC(=CC=C1C(=N)N)OC2=CC(=CC(=C2)C(=O)NC3=CC=C(C=C3)F)OC4=CC=C(C=C4)C(=N)N
0.545,Active,ST14,0.7773193542117625,0.5299185165124358,49820655,CC1CCC(CC1)C(=O)NC2=CC(=CC(=C2)OC3=CC=C(C=C3)C(=N)N)OC4=CC=C(C=C4)C(=N)N
0.061,Active,ST14,0.7773193542117625,0.059311980747263446,66819113,C1CN(CCC1C(=O)NC2=CC(=CC(=C2)OC3=CC=C(C=C3)C(=N)N)OC4=CC=C(C=C4)C(=N)N)C(=O)CCN
0.47,Active,ST14,0.7773193542117625,0.4569939500198987,90644023,C1CC(CCC1N)NC(=O)C2=CC(=CC(=C2)OC3=CC=C(C=C3)C(=N)N)OCC4=CC=C(C=C4)Cl
1.06,Active,ST14,0.7773193542117625,1.0306672064278568,66818763,C1=CC(=CC=C1C(=N)N)OC2=CC(=CC(=C2)N)OC3=CC=C(C=C3)C(=N)N
0.411,Active,ST14,0.7773193542117625,0.3996266243791029,66818744,C1CCC(CC1)CNC(=O)C2=CC(=CC(=C2)OC3=CC=C(C=C3)C(=N)N)OC4=CC=C(C=C4)C(=N)N
1.182,Active,ST14,0.7773193542117625,1.1492911679223836,90644020,C1CC(CCC1CNC(=O)C2=CC(=CC(=C2)OC3=CC=C(C=C3)C(=N)N)OC4=CC=C(C=C4)C(=N)N)O
0.5920000000000001,Active,ST14,0.7773193542117625,0.5756179115144257,66818575,C1CCC(CC1)NC(=O)C2=CC(=CC(=C2)OC3=CC=C(C=C3)C(=N)N)OC4=CC=C(C=C4)C(=N)N
0.77,Active,ST14,0.7773193542117625,0.7486922159900469,66818813,CC1CCC(CC1)NC(=O)C2=CC(=CC(=C2)OC3=CC=C(C=C3)C(=N)N)OC4=CC=C(C=C4)C(=N)N
1.85,Active,ST14,0.7773193542117625,1.79880597348258,66818781,CCOC(=O)N1CCC(CC1)NC(=O)C2=CC(=CC(=C2)OC3=CC=C(C=C3)C(=N)N)OC4=CC=C(C=C4)C(=N)N
0.305,Active,ST14,0.7773193542117625,0.29655990373631724,90644022,C1CCC2CN(CCC2C1)C(=O)C3=CC(=CC(=C3)OC4=CC=C(C=C4)C(=N)N)OC5=CC=C(C=C5)C(=N)N
0.018000000000000002,Active,ST14,0.7773193542117625,0.017501895958208887,66818677,C1CN(CCC1C(=O)NC2=CC(=CC(=C2)OC3=CC=C(C=C3)C(=N)N)OC4=CC=C(C=C4)C(=N)N)CCN
0.018000000000000002,Active,ST14,0.7773193542117625,0.017501895958208887,66818717,C1CN(CCC1C(=O)NC2=CC(=CC(=C2)OC3=CC=C(C=C3)C(=N)N)OC4=CC=C(C=C4)C(=N)N)CCO
0.01,Active,ST14,0.7773193542117625,0.00972327553233827,66818559,C1CC(CCC1N)NC(=O)C2=CC(=CC(=C2)OC3=CC=C(C=C3)C(=N)N)OCC4=CC=C(C=C4)C(=N)N
0.116,Active,ST14,0.7773193542117625,0.11278999617512395,66818882,C1CC(CCC1N)NC(=O)C2=CC(=CC(=C2)OC3=CC=C(C=C3)NC(=O)CCN)OC4=CC=C(C=C4)C(=N)N
0.023,Active,ST14,0.7773193542117625,0.02236353372437802,68790735,C1CC(CCC1N)NC(=O)C2=CC(=CC(=C2)OCC3=CC=C(C=C3)C(=N)N)OCC4=CC=C(C=C4)C(=N)N
0.003,Active,ST14,0.7773193542117625,0.002916982659701481,66818541,C1CC(CCC1C(=O)NC2=CC(=CC(=C2)OC3=CC=C(C=C3)C(=N)N)OC4=CC=C(C=C4)C(=N)N)N
1.982,Active,ST14,0.7773193542117625,1.927153210509445,66818504,C1=CC(=CC=C1C(=N)N)OC2=CC(=CC(=C2)NS(=O)(=O)C3=CC=C(C=C3)F)OC4=CC=C(C=C4)C(=N)N
0.006,Active,ST14,0.7773193542117625,0.005833965319402962,66818568,C1CC(CCC1N)NC(=O)C2=CC(=CC(=C2)OC3=CC=C(C=C3)C(=N)N)OCC4=CC(=CC=C4)C(=N)N
0.7929999999999999,Active,ST14,0.7773193542117625,0.7710557497144248,87167024,C1CC(CCC1N)NC(=O)C2=CC(=CC(=C2)OC3=CC=C(C=C3)C(=N)N)OCC4=CN=C(C=C4)Br
0.26,Active,ST14,0.7773193542117625,0.25280516384079504,66818639,C1CC(CCC1N)NC(=O)C2=CC(=CC(=C2)OC3=CC=C(C=C3)C(=N)N)OCC4=CC=C(C=C4)Br
1.6980000000000002,Active,ST14,0.7773193542117625,1.6510121853910384,66818582,C1CC(CCC1N)NC(=O)C2=CC(=CC(=C2)OC3=CC=C(C=C3)CN)OC4=CC=C(C=C4)CN
0.003,Active,ST14,0.7773193542117625,0.002916982659701481,68789018,C1CC(CCC1N)NC(=O)C2=CC(=CC(=C2)OCC3=CC(=CC=C3)C(=N)N)OCC4=CC(=CC=C4)C(=N)N
6.1e-05,Active,ST14,0.7773193542117625,5.9311980747263446e-05,118720337,C1C[C@H](N(C1)C(=O)[C@H](CCC(=O)N)NC(=O)[C@H](CCCN=C(N)N)N)C(=O)N[C@@H](CCCN=C(N)N)C(=O)C2=NC3=CC=CC=C3S2
0.00014,Active,ST14,0.7773193542117625,0.00013612585745273578,118720340,C[C@@H](C(=O)N[C@@H](CCCN=C(N)N)C(=O)C1=NC2=CC=CC=C2S1)NC(=O)[C@H](CC3=CC=C(C=C3)O)NC(=O)[C@H](CCCN=C(N)N)N
0.00015,Active,ST14,0.7773193542117625,0.00014584913298507405,118720342,C[C@@H](C(=O)N[C@@H](CCCN=C(N)N)C(=O)C1=NC2=CC=CC=C2S1)NC(=O)[C@H](CCC(=O)N)NC(=O)[C@H](CC(C)C)N
0.0008900000000000002,Active,ST14,0.7773193542117625,0.0008653715223781062,118720351,C[C@@H](C(=O)N[C@@H](CCCN=C(N)N)C(=O)C1=NC2=CC=CC=C2S1)NC(=O)[C@H](CCCCN)NC(=O)[C@H](CC3=CC=C(C=C3)O)N
0.00045,Active,ST14,0.7773193542117625,0.00043754739895522215,118720346,C[C@@H](C(=O)N[C@@H](CCCN=C(N)N)C(=O)C1=NC2=CC=CC=C2S1)NC(=O)[C@H](CC(=O)N)NC(=O)[C@H](CCCCN)N
0.00798,Active,ST14,0.7773193542117625,0.007759173874805939,118720347,C1=CC=C2C(=C1)C(=CN2)C[C@@H](C(=O)N[C@@H](CS)C(=O)N[C@@H](CC3=CC=C(C=C3)O)C(=O)N[C@@H](CCCN=C(N)N)C(=O)C4=NC5=CC=CC=C5S4)N
0.03154,Active,ST14,0.7773193542117625,0.030667211028994903,118720348,CC(C)[C@@H](C(=O)N[C@@H](CCCN=C(N)N)C(=O)C1=NC2=CC=CC=C2S1)NC(=O)[C@H](CC3=CC=C(C=C3)O)NC(=O)[C@H](CC4=CC=C(C=C4)O)N
0.00322,Active,ST14,0.7773193542117625,0.0031308947214129233,118720349,CC(C)C[C@@H](C(=O)N[C@@H](CC1=CNC2=CC=CC=C21)C(=O)N[C@@H](CC3=CNC4=CC=CC=C43)C(=O)N[C@@H](CCCN=C(N)N)C(=O)C5=NC6=CC=CC=C6S5)N
9.2e-05,Active,ST14,0.7773193542117625,8.94541348975121e-05,118720343,C[C@@H](C(=O)N[C@@H](CCCN=C(N)N)C(=O)C1=NC2=CC=CC=C2S1)NC(=O)[C@H](CCC(=O)N)NC(=O)[C@H](CO)N
0.00091,Active,ST14,0.7773193542117625,0.0008848180734427826,118720345,C1C[C@H](N(C1)C(=O)[C@H](CC(=O)N)NC(=O)[C@H](CCCN=C(N)N)N)C(=O)N[C@@H](CCCN=C(N)N)C(=O)C2=NC3=CC=CC=C3S2
0.0014,Active,ST14,0.7773193542117625,0.001361258574527358,118720350,CC(C)C[C@@H](C(=O)N[C@@H](CO)C(=O)N[C@@H](CCCN=C(N)N)C(=O)C1=NC2=CC=CC=C2S1)NC(=O)[C@H](CCCN=C(N)N)N
0.069,Active,ST14,0.7773193542117625,0.06709060117313408,118721658,CC(C)C[C@@H](C(=O)N[C@@H](CCCN=C(N)N)C(=O)C1=NC=CS1)NC(=O)[C@H](CC2=CNC3=CC=CC=C32)NC(=O)[C@H](CO)NC(=O)C
0.104,Active,ST14,0.7773193542117625,0.10112206553631801,118721652,CC(C)C[C@@H](C(=O)N[C@@H](CCCN=C(N)N)C(=O)C1=NC=CS1)NC(=O)[C@H](CC2=CN=CN2)NC(=O)[C@H](CO)NC(=O)C
2e-05,Active,ST14,0.7773193542117625,1.9446551064676543e-05,4413,C1=CC(=CC=C1C(=O)OC2=CC3=C(C=C2)C=C(C=C3)C(=N)N)N=C(N)N
0.0092,Active,ST14,0.7773193542117625,0.00894541348975121,118721648,CC(C)C[C@@H](C(=O)N[C@@H](CCCN=C(N)N)C(=O)C1=NC=CS1)NC(=O)[C@H](CCC(=O)N)NC(=O)[C@H](CO)NC(=O)C
3.35,Active,ST14,0.7773193542117625,3.2572973033333206,9875401,C1COCC(=O)N1C2=CC=C(C=C2)N3C[C@@H](OC3=O)CNC(=O)C4=CC=C(S4)Cl
7.18,Active,ST14,0.7773193542117625,6.981311832218878,11363919,CCC1=C2C(=CC(=C1)C(C(=O)NS(=O)(=O)C3=CN(C=N3)C)NC4=CC=C(C=C4)C(=N)N)C(=CO2)C
0.62,Active,ST14,0.7773193542117625,0.6028430830049728,118729131,CC1=CC=C(C=C1)S(=O)(=O)N[C@@H](CC2=CC(=CC=C2)C(=N)N)C(=O)N3CCN(CC3)C(=O)OCC4=CC=CC=C4
1.2,Active,ST14,0.7773193542117625,1.1667930638805923,118729857,CC1=CC=C(C=C1)S(=O)(=O)N[C@@H](CC2=CC(=CC=C2)C(=N)N)C(=O)N3CCC[C@@H](C3)NC(=O)OCC4=CC=CC=C4
0.48,Active,ST14,0.7773193542117625,0.466717225552237,118729859,CC1=CC=C(C=C1)S(=O)(=O)N[C@@H](CC2=CC(=CC=C2)C(=N)N)C(=O)N3CCC(CC3)C4=CC=CC=C4
1.8,Active,ST14,0.7773193542117625,1.7501895958208886,44362422,C1CN(CCN1C2=CC=CC=C2)C(=O)[C@H](CC3=CC(=CC=C3)C(=N)N)NS(=O)(=O)C4=CC5=CC=CC=C5C=C4
14.9,Active,ST14,0.7773193542117625,14.487680543184023,118728084,CCCCCCNC(=O)N1CCN(CC1)C(=O)[C@H](CC2=CC(=CC=C2)C(=N)N)NS(=O)(=O)C3=CC4=CC=CC=C4C=C3
6.7,Active,ST14,0.7773193542117625,6.514594606666641,118729130,C1C[C@H](CN(C1)C(=O)[C@H](CC2=CC(=CC=C2)C(=N)N)NS(=O)(=O)C3=CC4=CC=CC=C4C=C3)NC(=O)OCC5=CC=CC=C5
0.76,Active,ST14,0.7773193542117625,0.7389689404577086,118729132,CC(C)C1=CC(=C(C(=C1)C(C)C)S(=O)(=O)N[C@@H](CC2=CC(=CC=C2)C(=N)N)C(=O)N3CCN(CC3)C4=CC=CC=C4)C(C)C
4.6,Active,ST14,0.7773193542117625,4.472706744875604,118729858,C1CN(CCN1C(=O)[C@H](CC2=CC(=CC=C2)C(=N)N)NS(=O)(=O)C3=CC4=CC=CC=C4C=C3)C(=O)NCC5=CC=C(C=C5)Br
2.5,Active,ST14,0.7773193542117625,2.4308188830845676,118729860,CC1=CC=C(C=C1)S(=O)(=O)N[C@@H](CC2=CC(=CC=C2)C(=N)N)C(=O)N3CCN(CC3)C(=O)NCCC4=CC=CC=C4
1.5,Active,ST14,0.7773193542117625,1.4584913298507405,118729129,C1CN(CCN1C(=O)C2=CSC3=CC=CC=C32)C(=O)[C@H](CC4=CC(=CC=C4)C(=N)N)NS(=O)(=O)C5=CC6=CC=CC=C6C=C5
0.3,Active,ST14,0.7773193542117625,0.2916982659701481,118729855,C1CN(CCC1C2=CC=CC=C2)C(=O)[C@H](CC3=CC(=CC=C3)C(=N)N)NS(=O)(=O)C4=CC5=CC=CC=C5C=C4
2.6,Active,ST14,0.7773193542117625,2.5280516384079506,118729856,C1CN(CCN1C(=O)[C@H](CC2=CC(=CC=C2)C(=N)N)NS(=O)(=O)C3=CC4=CC=CC=C4C=C3)C(=O)NCC5=CC=CC=C5
2.1,Active,ST14,0.7773193542117625,2.0418878617910368,121232387,C1CCC(CC1)(C2=CC=CC(=N2)C3=CC4=C(N3)C=CC(=C4)C(=N)N)O
0.8,Active,ST14,0.7773193542117625,0.7778620425870617,122194711,C1CCC(CC1)(C2=CC=CC(=N2)C3=CC4=C(N3)C=CC(=C4)C(=N)N)F
4.8,Active,ST14,0.7773193542117625,4.667172255522369,122194708,CC(C)C1=CC(=CC(=C1O)C2=CC3=C(N2)C=CC(=C3)C(=N)N)Cl
0.5,Active,ST14,0.7773193542117625,0.4861637766169135,122194709,C1CCN(CC1)C2=CC=CC(=C2O)C3=CC4=C(N3)C=CC(=C4)C(=N)N
0.0007,Active,ST14,0.7773193542117625,0.000680629287263679,91663774,C1CN(CCC1C(=O)OCC2=CC=CC=C2)C(=O)[C@H](CC3=CC(=CC=C3)C(=N)N)NS(=O)(=O)C4=CC=CC(=C4)NC(=O)CCN
0.098,Active,ST14,0.7773193542117625,0.09528810021691506,59603791,CNC(=O)CCCC1CCN(CC1)C(=O)C(CC2=CC(=CC=C2)C(=N)N)NS(=O)(=O)C3=CC=CC(=C3)N4C(=O)C=CC=N4
0.246,Active,ST14,0.7773193542117625,0.23919257809552144,59603807,COCCOCCNC(=O)CCC(=O)N1CCN(CC1)C(=O)[C@H](CC2=CC(=CC=C2)C(=N)N)NS(=O)(=O)C3=CC=CC(=C3)NC(=O)CCN
0.0218,Active,ST14,0.7773193542117625,0.02119674066049743,59603783,COCCOCCC(=O)N[C@@H](CN)C(=O)NC1=CC(=CC=C1)S(=O)(=O)N[C@@H](CC2=CC(=CC=C2)C(=N)N)C(=O)N3CCC(CC3)CCN
0.13,Active,ST14,0.7773193542117625,0.12640258192039752,59603797,COCCOCCC(=O)NCC(=O)NC1=CC(=CC=C1)S(=O)(=O)N[C@@H](CC2=CC(=CC=C2)C(=N)N)C(=O)N3CCC(CC3)CCN
0.0245,Active,ST14,0.7773193542117625,0.023822025054228764,25031103,CCC1=CC=C(C=C1)C2=CC(=CC=C2)S(=O)(=O)N[C@@H](CC3=CC(=CC=C3)C(=N)N)C(=O)N4CCC(CC4)CCCC(=O)NC
0.024,Active,ST14,0.7773193542117625,0.02333586127761185,25031452,CNC(=O)CCCC1CCN(CC1)C(=O)[C@H](CC2=CC(=CC=C2)C(=N)N)NS(=O)(=O)C3=CC=CC(=C3)N4CCNCC4=O
0.031,Active,ST14,0.7773193542117625,0.030142154150248637,25031540,CNC(=O)CCCC1CCN(CC1)C(=O)[C@H](CC2=CC(=CC=C2)C(=N)N)NS(=O)(=O)C3=CC=CC(=C3)N4CCCCC4=O
0.016,Active,ST14,0.7773193542117625,0.015557240851741233,25030930,CNC(=O)CCCC1CCN(CC1)C(=O)[C@H](CC2=CC(=CC=C2)C(=N)N)NS(=O)(=O)C3=CC=CC(=C3)NC(=O)C4CNC4
24.0,Active,ST14,0.7773193542117625,23.335861277611848,25031015,CCC1=CC=C(C=C1)C2=CC(=CC=C2)S(=O)(=O)N[C@@H](CC3=CC(=CC=C3)/C(=N/O)/N)C(=O)N4CCC(CC4)CCCC(=O)NC
0.0081,Active,ST14,0.7773193542117625,0.007875853181194,25031016,CCOC1=CC=C(C=C1)C2=CC(=CC=C2)S(=O)(=O)N[C@@H](CC3=CC(=CC=C3)C(=N)N)C(=O)N4CCC(CC4)CCCC(=O)NC
0.0445,Active,ST14,0.7773193542117625,0.0432685761189053,25031013,C1CN(CCN1C(=O)[C@H](CC2=CC(=CC=C2)CN)NS(=O)(=O)C3=CC=CC(=C3)NC(=O)CCN)C(=O)OCC4=CC=CC=C4
0.011,Active,ST14,0.7773193542117625,0.010695603085572098,25030841,CNC(=O)CCCC1CCN(CC1)C(=O)[C@H](CC2=CC(=CC=C2)C(=N)N)NS(=O)(=O)C3=CC=CC(=C3)C4=CN=C(C=C4)N
0.00049,Active,ST14,0.7773193542117625,0.0004764405010845752,25031451,CNC(=O)CCCC1CCN(CC1)C(=O)[C@H](CC2=CC(=CC=C2)C(=N)N)NS(=O)(=O)C3=CC=CC(=C3)C4CCC(=NC4)N
0.47,Active,ST14,0.7773193542117625,0.4569939500198987,118548755,C1CN(CCC1CN2CC(CN(C2=O)C3=CC=CC(=C3)C(=N)N)CNC(=O)C4=CC=CC=C4)CC5=CC=CC=C5
0.58,Active,ST14,0.7773193542117625,0.5639499808756196,118542958,C1CN(CCC1CN2CC(CN(C2=O)C3=CC=CC(=C3)C(=N)N)CO)CC4=CC=CC=C4
0.28,Active,ST14,0.7773193542117625,0.2722517149054716,118548758,C1CN(CCC1CN2CC(CN(C2=O)C3=CC=CC(=C3)C(=N)N)O)CC4=CC=CC=C4
1.28,Active,ST14,0.7773193542117625,1.2445792681392986,118542774,C1CN(CCC1CN2CC(CN(C2=O)C3=CC=CC(=C3)C(=N)N)NC(=O)CC4=CC=CC=C4)CC5=CC=CC=C5
0.83,Active,ST14,0.7773193542117625,0.8070318691840764,118542785,CC1CN(C(=O)N(C1)C2=CC=CC(=C2)C(=N)N)C3CCN(CC3)CC4=CC=CC=C4
0.81,Active,ST14,0.7773193542117625,0.7875853181193999,118548759,COC1CN(C(=O)N(C1)C2=CC=CC(=C2)C(=N)N)CC3CCN(CC3)CC4=CC=CC=C4
0.35,Active,ST14,0.7773193542117625,0.34031464363183944,118548813,C1CN(CCC1CN2CC(CN(C2=O)C3=CC=CC(=C3)C(=N)N)NS(=O)(=O)CC4=CC=CC=C4)CC5=CC=CC=C5
1.51,Active,ST14,0.7773193542117625,1.468214605383079,118548776,C1CN(CCC1CN2CC(CN(C2=O)C3=CC=CC(=C3)C(=N)N)CNC(=O)CC4=CC=CC=C4)CC5=CC=CC=C5
0.33,Active,ST14,0.7773193542117625,0.3208680925671629,118548760,CS(=O)(=O)NC1CN(C(=O)N(C1)C2=CC=CC(=C2)C(=N)N)CC3CCN(CC3)CC4=CC=CC=C4
0.52,Active,ST14,0.7773193542117625,0.5056103276815901,118548761,C1CN(CCC1CN2CC(CN(C2=O)C3=CC=CC(=C3)C(=N)N)NS(=O)(=O)C4=CC=CC=C4)CC5=CC=CC=C5
0.85,Active,ST14,0.7773193542117625,0.826478420248753,123424620,C1CN(CCC1CN2CC(CN(C2=O)C3=CC=CC(=C3)C(=N)N)COCC4=CC=CC=C4)CC5=CC=CC=C5
1.54,Active,ST14,0.7773193542117625,1.4973844319800937,123238067,C1CN(CCC1CN2CC(CN(C2=O)C3=CC=CC(=C3)C(=N)N)OCC4=CC=CC=C4)CC5=CC=CC=C5
40.5,Active,ST14,0.7773193542117625,39.379265905969994,44324727,C1CN(CCC1NC(=O)NC2=CC=CC(=C2)C(=N)N)CC3=CC=CC=C3
48.9,Active,ST14,0.7773193542117625,47.54681735313414,127033248,CC1CN(C(=O)N(C1)C2=CC=C(C=C2)C(=N)N)C3CCN(CC3)CC4=CC=CC=C4
0.53,Active,ST14,0.7773193542117625,0.5153336032139284,91827690,CC1CN(C(=O)N(C1)C2=CC=CC(=C2)C(=N)N)CC3CCN(CC3)CC4=CC=CC=C4
0.51,Active,ST14,0.7773193542117625,0.49588705214925183,127034099,CC1CN(C(=O)N(C1)C2=CC=CC(=C2)C(=N)N)CCC3CCN(CC3)CC4=CC=CC=C4
13.5,Active,ST14,0.7773193542117625,13.126421968656665,127033521,CC1CN(C(=O)N(C1)C2CCN(CC2)CC3=CC=CC=C3)CC4=CC(=CC=C4)C(=N)N
15.4,Active,ST14,0.7773193542117625,14.973844319800937,127033522,CC1CN(C(=O)N(C1)C2CCN(CC2)CC3=CC=CC=C3)CC4=CC=C(C=C4)C(=N)N
0.397,Active,ST14,0.7773193542117625,0.3860140386338294,480185,C1CN(CCN(C1)C2=CC=C(C=C2)C(=N)N)C3=CC=C(C=C3)C(=N)N
0.526,Active,ST14,0.7773193542117625,0.511444293000993,122182390,C1=CC(=CC=C1C(=N)N)NCCCCCCCCNC2=CC=C(C=C2)C(=N)N
0.816,Active,ST14,0.7773193542117625,0.7934192834388029,3000497,C1=CC(=CC=C1COC2=CC=C(C=C2)C(=N)N)COC3=CC=C(C=C3)C(=N)N
2.28,Active,ST14,0.7773193542117625,2.2169068213731253,3010932,C1=CC=C(C(=C1)COC2=CC=C(C=C2)C(=N)N)COC3=CC=C(C=C3)C(=N)N
0.457,Active,ST14,0.7773193542117625,0.444353691827859,129012304,CC(=O)N[C@@H](CCCN=C(N)N)C(=O)C1=NC2=CC=CC=C2S1
0.0095,Active,ST14,0.7773193542117625,0.009237111755721356,129012302,C[C@@H](C(=O)N[C@@H](CCCCN)C(=O)C1=NC2=CC=CC=C2S1)NC(=O)[C@H](CCC(=O)N)NC(=O)[C@H](CCCN=C(N)N)N
0.0014,Active,ST14,0.7773193542117625,0.001361258574527358,129012303,C[C@@H](C(=O)N[C@@H](CCCN=C(N)N)C(=O)C1=NC2=CC=CC=C2S1)NC(=O)C
1000.0,Inactive,ST14,0.7773193542117625,972.3275532338271,44569358,C1CN(CCC1CCN)C(=O)[C@H](CCCC2=CC=CC=C2)NS(=O)(=O)C3=CC=CC(=C3)NC(=O)CCN
1000.0,Inactive,ST14,0.7773193542117625,972.3275532338271,44569357,C1CN(CCC1CCN)C(=O)[C@H](CCC2=CC=CC=C2)NS(=O)(=O)C3=CC=CC(=C3)NC(=O)CCN
3.25,Active,TMPRSS6,0.7570795748261078,0.06743699099070379,72429,CC(C)C[C@@H](C(=O)N[C@@H](CC(C)C)C(=O)N[C@@H](CCCN=C(N)N)C=O)NC(=O)C
0.375,Active,TMPRSS6,0.7570795748261078,0.00778119126815813,46899735,C1CCC(CC1)C[C@H](C(=O)N2CCC[C@H]2C(=O)NCC3=CC=C(C=C3)C(=N)N)NS(=O)(=O)CC4=CC=CC=C4.C(=O)(C(F)(F)F)O
0.18,Active,TMPRSS6,0.7570795748261078,0.003734971808715902,49864062,C1C[C@H](N(C1)C(=O)[C@@H](CCCN=C(N)N)NS(=O)(=O)CC2=CC=CC=C2)C(=O)NCC3=CC=C(C=C3)C(=N)N.C(=O)(C(F)(F)F)O
8.9,Active,TMPRSS6,0.7570795748261078,0.18467360609761962,71460447,C1=CC(=CC(=C1)S(=O)(=O)NCCC(=O)NCC2=CC=C(C=C2)C(=[NH2+])N)C(=[NH2+])N.C(=O)(C(F)(F)F)[O-].C(=O)(C(F)(F)F)[O-]
7.6,Active,TMPRSS6,0.7570795748261078,0.1576988097013381,71458616,CC(C)(C)OC(=O)C1=CC=C(C=C1)NC(=O)CCNS(=O)(=O)C2=CC=CC(=C2)C(=[NH2+])N.C(=O)(C(F)(F)F)[O-]
16.3,Active,TMPRSS6,0.7570795748261078,0.33822244712260674,71462144,C1=CC=C(C=C1)C[C@@H](C(=O)NCC2=CC=C(C=C2)C(=[NH2+])N)NS(=O)(=O)C3=CC=CC(=C3)C(=[NH2+])N.C(=O)(C(F)(F)F)[O-].C(=O)(C(F)(F)F)[O-]
25.3,Active,TMPRSS6,0.7570795748261078,0.5249710375584018,71454977,C1=CC=C(C=C1)COC[C@@H](C(=O)NCC2=CC=C(C=C2)C(=[NH2+])N)NS(=O)(=O)C3=CC=C(C=C3)C(=[NH2+])N.C(=O)(C(F)(F)F)[O-].C(=O)(C(F)(F)F)[O-]
22.0,Active,TMPRSS6,0.7570795748261078,0.45649655439861025,71454982,C1=CC(=CC=C1CNC(=O)CNS(=O)(=O)C2=CC=C(C=C2)C(=[NH2+])N)C(=[NH2+])N.C(=O)(C(F)(F)F)[O-].C(=O)(C(F)(F)F)[O-]
24.0,Active,TMPRSS6,0.7570795748261078,0.4979962411621203,71453253,C1=CC(=CC=C1CNC(=O)CCCNS(=O)(=O)C2=CC=C(C=C2)C(=[NH2+])N)C(=[NH2+])N.C(=O)(C(F)(F)F)[O-].C(=O)(C(F)(F)F)[O-]
19.0,Active,TMPRSS6,0.7570795748261078,0.39424702425334524,71451437,C1=CC(=CC(=C1)S(=O)(=O)NCCCC(=O)NCC2=CC=C(C=C2)C(=[NH2+])N)C(=[NH2+])N.C(=O)(C(F)(F)F)[O-].C(=O)(C(F)(F)F)[O-]
27.0,Active,TMPRSS6,0.7570795748261078,0.5602457713073853,71451439,CC(C)(C)OC(=O)C1=CC=C(C=C1)NC(=O)CCCNS(=O)(=O)C2=CC=C(C=C2)C(=[NH2+])N.C(=O)(C(F)(F)F)[O-]
11.8,Active,TMPRSS6,0.7570795748261078,0.24484815190470915,71454975,C1=CC=C(C=C1)C[C@@H](C(=O)NCC2=CC=C(C=C2)C(=[NH2+])N)NS(=O)(=O)C3=CC=C(C=C3)C(=[NH2+])N.C(=O)(C(F)(F)F)[O-].C(=O)(C(F)(F)F)[O-]
24.0,Active,TMPRSS6,0.7570795748261078,0.4979962411621203,71449615,C1=CC=C(C=C1)COC[C@@H](C(=O)NCC2=CC=C(C=C2)C(=[NH2+])N)NS(=O)(=O)C3=CC=CC(=C3)C(=[NH2+])N.C(=O)(C(F)(F)F)[O-].C(=O)(C(F)(F)F)[O-]
42.0,Active,TMPRSS6,0.7570795748261078,0.8714934220337105,71449619,CC(C)(C)OC(=O)C1=CC=C(C=C1)NC(=O)CNS(=O)(=O)C2=CC=C(C=C2)C(=[NH2+])N.C(=O)(C(F)(F)F)[O-]
10.7,Active,TMPRSS6,0.7570795748261078,0.22202332418477863,71453242,C1=CC(=CC(=C1)S(=O)(=O)NCC(=O)NCC2=CC=C(C=C2)C(=[NH2+])N)C(=[NH2+])N.C(=O)(C(F)(F)F)[O-].C(=O)(C(F)(F)F)[O-]
19.0,Active,TMPRSS6,0.7570795748261078,0.39424702425334524,71451442,C1=CC(=CC=C1CNC(=O)CCNS(=O)(=O)C2=CC=C(C=C2)C(=[NH2+])N)C(=[NH2+])N.C(=O)(C(F)(F)F)[O-].C(=O)(C(F)(F)F)[O-]
48.0,Active,TMPRSS6,0.7570795748261078,0.9959924823242406,71458614,CC(C)(C)OC(=O)C1=CC(=CC=C1)NC(=O)CNS(=O)(=O)C2=CC=CC(=C2)C(=[NH2+])N.C(=O)(C(F)(F)F)[O-]
4.4,Active,TMPRSS6,0.7570795748261078,0.09129931087972207,71496204,CNC(=O)CCCC1CCN(CC1)C(=O)[C@H](CC2=CC(=CC=C2)C(=N)N)NS(=O)(=O)C3=CC=CC(=C3)C4=CC=C(C=C4)F
3.2,Active,TMPRSS6,0.7570795748261078,0.06639949882161604,71495561,C1CN(CCC1CCN)C(=O)[C@H](CC2=CC(=CC=C2)C(=N)N)NS(=O)(=O)C3=CC=CC(=C3)C4=CC=C(C=C4)F
1.3,Active,TMPRSS6,0.7570795748261078,0.026974796396281517,90666139,CCOC1=CC(=C(C=C1)C2=CC(=CC=C2)S(=O)(=O)N[C@@H](CC3=CC(=CC=C3)C(=N)N)C(=O)N4CCC(CC4)CCCC(=O)NC)Cl
0.4,Active,TMPRSS6,0.7570795748261078,0.008299937352702005,71495466,CCOC1=CC(=C(C=C1)C2=CC(=CC=C2)S(=O)(=O)N[C@@H](CC3=CC(=CC=C3)C(=N)N)C(=O)N4CCC(CC4)CCN)Cl
0.77,Active,TMPRSS6,0.7570795748261078,0.01597737940395136,71495659,CNC(=O)CCCC1CCN(CC1)C(=O)[C@H](CC2=CC(=CC=C2)C(=N)N)NS(=O)(=O)C3=CC=CC(=C3)C4=C(C=C(C=C4)OC)OC
0.31,Active,TMPRSS6,0.7570795748261078,0.006432451448344054,71495660,COC1=CC(=C(C=C1)C2=CC(=CC=C2)S(=O)(=O)N[C@@H](CC3=CC(=CC=C3)C(=N)N)C(=O)N4CCC(CC4)CCN)OC
0.073,Active,TMPRSS6,0.7570795748261078,0.0015147385668681159,90666145,CNC(=O)NCCC1CCN(CC1)C(=O)[C@H](CC2=CC(=CC=C2)C(=N)N)NS(=O)(=O)C3=CC=CC(=C3)C4=C(C=C(C=C4)Cl)Cl
1.42,Active,TMPRSS6,0.7570795748261078,0.029464777602092117,90666146,COC1=CC(=C(C=C1)C2=CC(=CC=C2)S(=O)(=O)N[C@@H](CC3=CC(=CC=C3)C(=N)N)C(=O)N4CCC(CC4)NC(=O)NC5CCCCC5)OC
0.94,Active,TMPRSS6,0.7570795748261078,0.01950485277884971,90666147,C1CCC(CC1)NC(=O)NC2CCN(CC2)C(=O)[C@H](CC3=CC(=CC=C3)C(=N)N)NS(=O)(=O)C4=CC=CC(=C4)C5=C(C=C(C=C5)Cl)Cl
0.35,Active,TMPRSS6,0.7570795748261078,0.007262445183614254,71495381,CNC(=O)CCCC1CCN(CC1)C(=O)[C@H](CC2=CC(=CC=C2)C(=N)N)NS(=O)(=O)C3=CC=CC(=C3)C4=C(C=C(C=C4)Cl)Cl
0.46,Active,TMPRSS6,0.7570795748261078,0.009544927955607307,90666141,CCNC(=O)NCCC1CCN(CC1)C(=O)[C@H](CC2=CC(=CC=C2)C(=N)N)NS(=O)(=O)C3=CC=CC(=C3)NC(=O)CCN
1.9,Active,TMPRSS6,0.7570795748261078,0.039424702425334524,89399327,C1CN(CCC1CCNC(=O)NC2=CC=CC=C2)C(=O)[C@H](CC3=CC(=CC=C3)C(=N)N)NS(=O)(=O)C4=CC=CC(=C4)NC(=O)CCN
1.3,Active,TMPRSS6,0.7570795748261078,0.026974796396281517,71496201,C1CN(CCC1NC(=O)NC2=CC=CC=C2)C(=O)[C@H](CC3=CC(=CC=C3)C(=N)N)NS(=O)(=O)C4=CC=CC(=C4)NC(=O)CCN
1.8,Active,TMPRSS6,0.7570795748261078,0.03734971808715902,90666142,C1CCC(CC1)NC(=O)NCCC2CCN(CC2)C(=O)[C@H](CC3=CC(=CC=C3)C(=N)N)NS(=O)(=O)C4=CC=CC(=C4)NC(=O)CCN
2.1,Active,TMPRSS6,0.7570795748261078,0.04357467110168553,50939651,C1CN(CCC1CCN)C(=O)[C@H](CC2=CC(=CC=C2)C(=N)N)NS(=O)(=O)C3=CC=CC(=C3)C4=CC=CC=C4F
3.2,Active,TMPRSS6,0.7570795748261078,0.06639949882161604,71495560,C1CN(CCC1CCN)C(=O)[C@H](CC2=CC(=CC=C2)C(=N)N)NS(=O)(=O)C3=CC=CC(=C3)C4=CC(=CC=C4)F
0.75,Active,TMPRSS6,0.7570795748261078,0.01556238253631626,71495467,CNC(=O)CCCC1CCN(CC1)C(=O)[C@H](CC2=CC(=CC=C2)C(=N)N)NS(=O)(=O)C3=CC=CC(=C3)C4=C(C(=CC=C4)Cl)Cl
1.6,Active,TMPRSS6,0.7570795748261078,0.03319974941080802,71495765,CNC(=O)CCCC1CCN(CC1)C(=O)[C@H](CC2=CC(=CC=C2)C(=N)N)NS(=O)(=O)C3=CC=CC(=C3)C4=CC(=C(C=C4)Cl)Cl
3.9,Active,TMPRSS6,0.7570795748261078,0.08092438918884455,71495976,C1CN(CCC1NC(=O)N)C(=O)[C@H](CC2=CC(=CC=C2)C(=N)N)NS(=O)(=O)C3=CC=CC(=C3)NC(=O)CCN
1.3,Active,TMPRSS6,0.7570795748261078,0.026974796396281517,90666143,C1CN(CCC1CCNC(=O)NCC2=CC=CC=C2)C(=O)[C@H](CC3=CC(=CC=C3)C(=N)N)NS(=O)(=O)C4=CC=CC(=C4)NC(=O)CCN
3.0,Active,TMPRSS6,0.7570795748261078,0.06224953014526504,71495468,CNC(=O)CCCC1CCN(CC1)C(=O)[C@H](CC2=CC(=CC=C2)C(=N)N)NS(=O)(=O)C3=CC=CC(=C3)C4=CC=CC=C4F
10.0,Active,TMPRSS6,0.7570795748261078,0.20749843381755012,71495559,CNC(=O)CCCC1CCN(CC1)C(=O)[C@H](CC2=CC(=CC=C2)C(=N)N)NS(=O)(=O)C3=CC=CC(=C3)C4=CC(=CC=C4)F
0.21,Active,TMPRSS6,0.7570795748261078,0.0043574671101685525,71495661,C1CN(CCC1CCN)C(=O)[C@H](CC2=CC(=CC=C2)C(=N)N)NS(=O)(=O)C3=CC=CC(=C3)C4=C(C(=CC=C4)Cl)Cl
0.58,Active,TMPRSS6,0.7570795748261078,0.012034909161417907,71495766,C1CN(CCC1CCN)C(=O)[C@H](CC2=CC(=CC=C2)C(=N)N)NS(=O)(=O)C3=CC=CC(=C3)C4=CC(=C(C=C4)Cl)Cl
0.79,Active,TMPRSS6,0.7570795748261078,0.016392376271586462,71496089,C1CCC(CC1)NC(=O)NC2CCN(CC2)C(=O)[C@H](CC3=CC(=CC=C3)C(=N)N)NS(=O)(=O)C4=CC=CC(=C4)NC(=O)CCN
1.1,Active,TMPRSS6,0.7570795748261078,0.022824827719930517,71496202,C1CN(CCC1NC(=O)NCC2=CC=CC=C2)C(=O)[C@H](CC3=CC(=CC=C3)C(=N)N)NS(=O)(=O)C4=CC=CC(=C4)NC(=O)CCN
0.0348,Active,TMPRSS6,0.7570795748261078,0.0007220945496850744,118720343,C[C@@H](C(=O)N[C@@H](CCCN=C(N)N)C(=O)C1=NC2=CC=CC=C2S1)NC(=O)[C@H](CCC(=O)N)NC(=O)[C@H](CO)N
0.02484,Active,TMPRSS6,0.7570795748261078,0.0005154261096027945,118720346,C[C@@H](C(=O)N[C@@H](CCCN=C(N)N)C(=O)C1=NC2=CC=CC=C2S1)NC(=O)[C@H](CC(=O)N)NC(=O)[C@H](CCCCN)N
0.00103,Active,TMPRSS6,0.7570795748261078,2.1372338683207664e-05,118720347,C1=CC=C2C(=C1)C(=CN2)C[C@@H](C(=O)N[C@@H](CS)C(=O)N[C@@H](CC3=CC=C(C=C3)O)C(=O)N[C@@H](CCCN=C(N)N)C(=O)C4=NC5=CC=CC=C5S4)N
0.00256,Active,TMPRSS6,0.7570795748261078,5.311959905729284e-05,118720348,CC(C)[C@@H](C(=O)N[C@@H](CCCN=C(N)N)C(=O)C1=NC2=CC=CC=C2S1)NC(=O)[C@H](CC3=CC=C(C=C3)O)NC(=O)[C@H](CC4=CC=C(C=C4)O)N
0.00198,Active,TMPRSS6,0.7570795748261078,4.108468989587493e-05,118720349,CC(C)C[C@@H](C(=O)N[C@@H](CC1=CNC2=CC=CC=C21)C(=O)N[C@@H](CC3=CNC4=CC=CC=C43)C(=O)N[C@@H](CCCN=C(N)N)C(=O)C5=NC6=CC=CC=C6S5)N
0.01347,Active,TMPRSS6,0.7570795748261078,0.00027950039035224,118720342,C[C@@H](C(=O)N[C@@H](CCCN=C(N)N)C(=O)C1=NC2=CC=CC=C2S1)NC(=O)[C@H](CCC(=O)N)NC(=O)[C@H](CC(C)C)N
0.02079,Active,TMPRSS6,0.7570795748261078,0.0004313892439066867,118720351,C[C@@H](C(=O)N[C@@H](CCCN=C(N)N)C(=O)C1=NC2=CC=CC=C2S1)NC(=O)[C@H](CCCCN)NC(=O)[C@H](CC3=CC=C(C=C3)O)N
5.2,Active,TMPRSS6,0.7570795748261078,0.10789918558512607,3010932,C1=CC=C(C(=C1)COC2=CC=C(C=C2)C(=N)N)COC3=CC=C(C=C3)C(=N)N
5.7,Active,TMPRSS6,0.7570795748261078,0.11827410727600357,3000497,C1=CC(=CC=C1COC2=CC=C(C=C2)C(=N)N)COC3=CC=C(C=C3)C(=N)N
3.68,Active,TMPRSS6,0.7570795748261078,0.07635942364485845,122182389,C1=CC(=CC=C1C(=N)N)NCCCCCCCNC2=CC=C(C=C2)C(=N)N
6.23,Active,TMPRSS6,0.7570795748261078,0.12927152426833374,127045142,C1=CC(=CC=C1C(=N)N)NC(=O)C(=O)NC2=CC=C(C=C2)C(=N)N
1.16,Active,TMPRSS6,0.7570795748261078,0.024069818322835813,480183,C1CN(CCN1C2=CC=C(C=C2)C(=N)N)C3=CC=C(C=C3)C(=N)N
4.39,Active,TMPRSS6,0.7570795748261078,0.0910918124459045,480185,C1CN(CCN(C1)C2=CC=C(C=C2)C(=N)N)C3=CC=C(C=C3)C(=N)N
10.0,Active,TMPRSS6,0.7570795748261078,0.20749843381755012,49864063,C1C[C@H](N(C1)C(=O)[C@@H](CCCN=C(N)N)NS(=O)(=O)CC2=CC=CC=C2)C(=O)NCC3=C(C=CC(=C3)Cl)CN.C(=O)(C(F)(F)F)O
10.0,Active,TMPRSS6,0.7570795748261078,0.20749843381755012,46899737,C1CCC(CC1)C[C@H](C(=O)N2CCC[C@H]2C(=O)NCC3=C(C=CC(=C3)Cl)CN)NS(=O)(=O)CC4=CC=CC=C4.C(=O)(C(F)(F)F)O
217.0,Inactive,TMPRSS6,0.7570795748261078,4.502716013840837,71460451,C1=CC(=CC(=C1)S(=O)(=O)NCCCC(=O)NC2=CC=C(C=C2)C(=O)O)C(=[NH2+])N.C(=O)(C(F)(F)F)[O-]
52.0,Inactive,TMPRSS6,0.7570795748261078,1.0789918558512606,71456768,C1=CC(=CC(=C1)S(=O)(=O)NCCC(=O)NC2=CC=C(C=C2)C(=O)O)C(=[NH2+])N.C(=O)(C(F)(F)F)[O-]
70.0,Inactive,TMPRSS6,0.7570795748261078,1.452489036722851,71458618,CC(C)(C)OC(=O)C1=CC=C(C=C1)NC(=O)CCCNS(=O)(=O)C2=CC=CC(=C2)C(=[NH2+])N.C(=O)(C(F)(F)F)[O-]
155.0,Inactive,TMPRSS6,0.7570795748261078,3.216225724172027,71458637,COC1=C(C=C(C=C1)CNC(=O)CNS(=O)(=O)C2=CC=CC(=C2)C(=N)N)OC.Cl
196.0,Inactive,TMPRSS6,0.7570795748261078,4.066969302823982,71460460,COC1=C(C=C(C=C1)S(=O)(=O)NCC(=O)NC2=CC=CC(=C2)C(=[NH2+])N)OC.C(=O)(C(F)(F)F)[O-]
208.0,Inactive,TMPRSS6,0.7570795748261078,4.315967423405042,71458620,C1=CC(=CC(=C1)NC(=O)CCNS(=O)(=O)C2=CC=CC(=C2)C(=[NH2+])N)C(=O)O.C(=O)(C(F)(F)F)[O-]
50.0,Inactive,TMPRSS6,0.7570795748261078,1.0374921690877505,71451448,C1=CC=C2C=C(C=CC2=C1)NC(=O)CNS(=O)(=O)C3=CC=CC(=C3)C(=[NH2+])N.C(=O)(C(F)(F)F)[O-]
163.0,Inactive,TMPRSS6,0.7570795748261078,3.382224471226067,71462146,C1=CC=C2C(=C1)C=CC=C2S(=O)(=O)NCC(=O)NC3=CC=CC(=C3)C(=[NH2+])N.C(=O)(C(F)(F)F)[O-]
139.0,Inactive,TMPRSS6,0.7570795748261078,2.884228230063947,71462150,C1=CC(=CC(=C1)S(=O)(=O)NCC(=O)NC2=CC=C(C=C2)C(=O)O)C(=[NH2+])N.C(=O)(C(F)(F)F)[O-]
82.0,Inactive,TMPRSS6,0.7570795748261078,1.701487157303911,71453262,COC1=C(C=C(C=C1)NC(=O)CNS(=O)(=O)C2=CC=CC(=C2)C(=N)N)OC.Cl
207.0,Inactive,TMPRSS6,0.7570795748261078,4.295217580023287,71462152,C1=CC(=CC(=C1)NC(=O)CNS(=O)(=O)C2=CC=CC(=C2)C(=[NH2+])N)C(=O)O.C(=O)(C(F)(F)F)[O-]
65.0,Inactive,TMPRSS6,0.7570795748261078,1.3487398198140759,71462166,C1=CC=C(C=C1)NC(=O)CNS(=O)(=O)C2=CC=CC(=C2)C(=[NH2+])N.C(=O)(C(F)(F)F)[O-]
64.0,Inactive,TMPRSS6,0.7570795748261078,1.3279899764323209,71462168,C1CCC(CC1)NC(=O)CNS(=O)(=O)C2=CC=CC(=C2)C(=[NH2+])N.C(=O)(C(F)(F)F)[O-]
65.0,Inactive,TMPRSS6,0.7570795748261078,1.3487398198140759,71453248,CC(C)(C)OC(=O)C1=CC(=CC=C1)NC(=O)CCNS(=O)(=O)C2=CC=CC(=C2)C(=[NH2+])N.C(=O)(C(F)(F)F)[O-]
137.0,Inactive,TMPRSS6,0.7570795748261078,2.842728543300437,71454979,CC(C)(C)OC(=O)C1=CC=C(C=C1)NC(=O)CNS(=O)(=O)C2=CC=CC(=C2)C(=[NH2+])N.C(=O)(C(F)(F)F)[O-]
132.0,Inactive,TMPRSS6,0.7570795748261078,2.7389793263916618,71454987,COC1=C(C=C(C=C1)NC(=O)CCNS(=O)(=O)C2=CC=CC(=C2)C(=N)N)OC.Cl
88.0,Inactive,TMPRSS6,0.7570795748261078,1.825986217594441,71449631,C1=CC=C(C=C1)NS(=O)(=O)C2=CC=C(C=C2)C(=N)N.Cl
115.0,Inactive,TMPRSS6,0.7570795748261078,2.3862319889018266,71449632,COC1=C(C=C(C=C1)NC(=O)CNS(=O)(=O)C2=CC=C(C=C2)C(=N)N)OC.Cl
163.0,Inactive,TMPRSS6,0.7570795748261078,3.382224471226067,71449617,C1=CC=C2C=C(C=CC2=C1)S(=O)(=O)NCC(=O)NC3=CC=CC(=C3)C(=[NH2+])N.C(=O)(C(F)(F)F)[O-]
187.0,Inactive,TMPRSS6,0.7570795748261078,3.880220712388187,71454989,COC1=C(C=C(C=C1)CNC(=O)CCNS(=O)(=O)C2=CC=CC(=C2)C(=N)N)OC.Cl
148.0,Inactive,TMPRSS6,0.7570795748261078,3.070976820499742,71454991,CC(C)NC(=O)CNS(=O)(=O)C1=CC=CC(=C1)C(=[NH2+])N.C(=O)(C(F)(F)F)[O-]
0.078,Active,TMPRSS11D,0.15547520661157027,,449051,C1=CC=C(C=C1)CS(=O)(=O)N[C@H](CO)C(=O)N[C@@H](CO)C(=O)NCC2=CC=C(C=C2)C(=N)N
0.04,Active,TMPRSS11D,0.15547520661157027,,49835415,C1C[C@H](N(C1)C(=O)[C@@H](CCCCN)NS(=O)(=O)CC2=CC=CC=C2)C(=O)NCC3=CC=C(C=C3)C(=N)N
0.073,Active,TMPRSS11D,0.15547520661157027,,56666743,CC1=CC(=C(C=C1)C)N2CCN(CC2)C(=O)C[C@H](C(=O)N3CCC[C@H]3C(=O)NCC4=CC=C(C=C4)C(=N)N)NS(=O)(=O)CC5=CC=CC=C5
0.023,Active,TMPRSS11D,0.15547520661157027,,56677008,CC[C@H](C)[C@@H](C(=O)[C@@H](CCCN=C(N)N)NS(=O)(=O)CC1=CC=CC=C1)NCC2=CC=C(C=C2)C(=N)N
0.21,Active,TMPRSS11D,0.15547520661157027,,56666744,C1C[C@H](N(C1)C(=O)[C@@H](CC(=O)N2CCN(CC2)CCO)NS(=O)(=O)CC3=CC=CC=C3)C(=O)NCC4=CC=C(C=C4)C(=N)N
0.034,Active,TMPRSS11D,0.15547520661157027,,56666745,C1=CC=C(C=C1)COC(=O)NCCCC[C@@H](C(=O)[C@@H](CCCN=C(N)N)NS(=O)(=O)CC2=CC=CC=C2)NCC3=CC=C(C=C3)C(=N)N
0.047,Active,TMPRSS11D,0.15547520661157027,,56666746,CC(C)C[C@@H](C(=O)[C@@H](CCCN=C(N)N)NS(=O)(=O)CC1=CC=CC=C1)NCC2=CC=C(C=C2)C(=N)N
1.425,Active,TMPRSS11D,0.15547520661157027,,56673693,C1C[C@H](N(C1)C(=O)[C@@H](CC(=O)O)NS(=O)(=O)CC2=CC=CC=C2)C(=O)NCC3=CC=C(C=C3)C(=N)N
0.022,Active,TMPRSS11D,0.15547520661157027,,56673694,CC(C)[C@@H](C(=O)[C@@H](CCCN=C(N)N)NS(=O)(=O)CC1=CC=CC=C1)NCC2=CC=C(C=C2)C(=N)N
0.034,Active,TMPRSS11D,0.15547520661157027,,56673695,C1=CC=C(C=C1)CS(=O)(=O)N[C@H](CCCN=C(N)N)C(=O)[C@H](CO)NCC2=CC=C(C=C2)C(=N)N
0.512,Active,TMPRSS11D,0.15547520661157027,,56673696,CC(C)(C)OC(=O)C[C@@H](C(=O)[C@@H](CCCN=C(N)N)NS(=O)(=O)CC1=CC=CC=C1)NCC2=CC=C(C=C2)C(=N)N
0.135,Active,TMPRSS11D,0.15547520661157027,,56659848,C1C[C@H](N(C1)C(=O)[C@@H](CC(=O)N2CCN(CC2)C(=O)OCC3=CC=CC=C3)NS(=O)(=O)CC4=CC=CC=C4)C(=O)NCC5=CC=C(C=C5)C(=N)N
0.03,Active,TMPRSS11D,0.15547520661157027,,56659850,C[C@@H](C(=O)[C@@H](CCCN=C(N)N)NS(=O)(=O)CC1=CC=CC=C1)NCC2=CC=C(C=C2)C(=N)N
0.013,Active,TMPRSS11D,0.15547520661157027,,49835557,C1C[C@H](N(C1)C(=O)[C@@H](CCCCN=C(N)N)NS(=O)(=O)CC2=CC=CC=C2)C(=O)NCC3=CC=C(C=C3)C(=N)N
0.051,Active,TMPRSS11D,0.15547520661157027,,49835506,C1=CC=C(C=C1)COC(=O)NCCCC[C@@H](C(=O)NCC2=CC=C(C=C2)C(=N)N)NC(=O)[C@@H](CO)NS(=O)(=O)CC3=CC=CC=C3
0.311,Active,TMPRSS11D,0.15547520661157027,,49835559,C1C[C@H](N(C1)C(=O)[C@@H](CC2=CC=C(C=C2)C#N)NS(=O)(=O)CC3=CC=CC=C3)C(=O)NCC4=CC=C(C=C4)C(=N)N
0.036000000000000004,Active,TMPRSS11D,0.15547520661157027,,56670171,CC(C)(C)OC(=O)CC[C@H](C(=O)N1CCC[C@H]1C(=O)NCC2=CC=C(C=C2)C(=N)N)NS(=O)(=O)CC3=CC=CC=C3
0.057,Active,TMPRSS11D,0.15547520661157027,,56659851,C1=CC=C(C=C1)C[C@@H](C(=O)[C@@H](CCCN=C(N)N)NS(=O)(=O)CC2=CC=CC=C2)NCC3=CC=C(C=C3)C(=N)N
0.422,Active,TMPRSS11D,0.15547520661157027,,56659852,C1=CC=C(C=C1)CS(=O)(=O)N[C@H](CCCN=C(N)N)C(=O)[C@H](CC(=O)O)NCC2=CC=C(C=C2)C(=N)N
0.158,Active,TMPRSS11D,0.15547520661157027,,56663317,C1C[C@H](N(C1)C(=O)[C@@H](CC(=O)N2CCN(CC2)CC3=CC=CC=C3)NS(=O)(=O)CC4=CC=CC=C4)C(=O)NCC5=CC=C(C=C5)C(=N)N
0.015,Active,TMPRSS11D,0.15547520661157027,,56663319,CCC[C@@H](C(=O)[C@@H](CCCN=C(N)N)NS(=O)(=O)CC1=CC=CC=C1)NCC2=CC=C(C=C2)C(=N)N
0.038,Active,TMPRSS11D,0.15547520661157027,,56677005,CC(C)(C)OC(=O)C[C@H](C(=O)N1CCC[C@H]1C(=O)NCC2=CC=C(C=C2)C(=N)N)NS(=O)(=O)CC3=CC=CC=C3
0.017,Active,TMPRSS11D,0.15547520661157027,,53379392,C1C[C@H](N(C1)C(=O)[C@@H](CCC(=O)N2CCN(CC2)C3=NC=CC=N3)NS(=O)(=O)CC4=CC=CC=C4)C(=O)NCC5=CC=C(C=C5)C(=N)N
0.068,Active,TMPRSS11D,0.15547520661157027,,56677006,C1C[C@H](N(C1)C(=O)[C@@H](CCC(=O)N2CCNCC2)NS(=O)(=O)CC3=CC=CC=C3)C(=O)NCC4=CC=C(C=C4)C(=N)N
0.43,Active,TMPRSS11D,0.15547520661157027,,49835505,C1=CC=C(C=C1)CS(=O)(=O)N[C@H](CCCN=C(N)N)C(=O)NCC(=O)NCC2=CC=C(C=C2)C(=N)N
0.053,Active,TMPRSS11D,0.15547520661157027,,49835556,C1C[C@H](N(C1)C(=O)[C@@H](CCCCNC(=O)OCC2=CC=CC=C2)NS(=O)(=O)CC3=CC=CC=C3)C(=O)NCC4=CC=C(C=C4)C(=N)N
0.019,Active,TMPRSS11D,0.15547520661157027,,46899577,C1C[C@H](N(C1)C(=O)[C@@H](CCCN=C(N)N)NS(=O)(=O)CC2=CC=CC=C2)C(=O)NCC3=CC=C(C=C3)C(=N)N
0.168,Active,TMPRSS11D,0.15547520661157027,,49835606,C1C[C@H](N(C1)C(=O)[C@@H](CC2=CC=C(C=C2)C(=N)N)NS(=O)(=O)CC3=CC=CC=C3)C(=O)NCC4=CC=C(C=C4)C(=N)N
0.038,Active,TMPRSS11D,0.15547520661157027,,56680339,C1C[C@H](N(C1)C(=O)[C@@H](CCC(=O)N2CCN(CC2)C(=O)OCC3=CC=CC=C3)NS(=O)(=O)CC4=CC=CC=C4)C(=O)NCC5=CC=C(C=C5)C(=N)N
0.043,Active,TMPRSS11D,0.15547520661157027,,56683657,C1C[C@H](N(C1)C(=O)[C@@H](CC(=O)N2CCN(CC2)C3=NC=CC=N3)NS(=O)(=O)CC4=CC=CC=C4)C(=O)NCC5=CC=C(C=C5)C(=N)N
0.183,Active,TMPRSS11D,0.15547520661157027,,56683658,C1C[C@H](N(C1)C(=O)[C@@H](CC(=O)N2CCOCC2)NS(=O)(=O)CC3=CC=CC=C3)C(=O)NCC4=CC=C(C=C4)C(=N)N
0.202,Active,TMPRSS11D,0.15547520661157027,,56683659,C1C[C@H](N(C1)C(=O)[C@@H](CC(=O)N2CCNCC2)NS(=O)(=O)CC3=CC=CC=C3)C(=O)NCC4=CC=C(C=C4)C(=N)N
